index,store,sido,gundu,address
0,가경동점,충청북도,청주시흥덕구,충청북도 청주시흥덕구 풍산로 103(복대동)
1,가남점,경기도,여주군,경기도 여주군 가남면 태평중앙1길 8-6
2,가래비점,경기도,양주시,경기도 양주시 광적면 가납리 가래비길 24
3,가마점,충청북도,청주시서원구,충청북도 청주시서원구 남이면 가마리 397
4,가수원점,대전광역시,서구,대전광역시 서구 가수원동 774-18
5,가양동점,서울특별시,강서구,"서울특별시 강서구 양천로51길 11, 1층 102호(가양동,신환빌딩)"
6,가오점,대전광역시,동구,대전광역시 동구 가오동 533
7,가운점,경기도,남양주시,경기도 남양주시 가운로2길 63 가운동삼원프라자 105호
8,가장점,대전광역시,서구,대전광역시 서구 가장동 40-40
9,가정지구1점,인천광역시,서구,인천광역시 서구 봉오재2로 37 104호
10,가좌3점,인천광역시,서구,인천광역시 서구 가석로156번길 23-1
11,가평역전점,경기도,가평군,경기도 가평군 가평읍 굴다리길 13
12,가평점,경기도,가평군,경기도 가평군 가평읍 가화로 125-1
13,가평현리점,경기도,가평군,"경기도 가평군 하면 현창로38번길, 6-1"
14,각화주공점,광주광역시,북구,광주광역시 북구 각화동 202번지 주공@상가 107호
15,간현점,강원도,원주시,강원도 원주시 지정면 간현로 188
16,갈곶원동점,경기도,오산시,경기도 오산시 갈곶동 126-23
17,갈마점,대전광역시,서구,대전광역시 서구 갈마로 60(갈마동)
18,갈산점,인천광역시,부평구,인천광역시 부평구 갈산동 364-4
19,갈산점(이천),경기도,이천시,"경기도 이천시 갈산로 81(갈산동, 102)"
20,갈산점(홍성),충청남도,홍성군,충청남도 홍성군 갈산면 상촌리 243
21,감곡점,충청북도,음성군,충청북도 음성군 감곡면 장감로 142
22,감삼점,대구광역시,달서구,대구광역시 달서구 두류3동 630-1
23,강경점,충청남도,논산시,충청남도 논산시 강경읍 대흥리 19-3
24,강구점,경상북도,영덕군,경상북도 영덕군 강구면 강구리 453번지
25,강남구청점,서울특별시,강남구,서울특별시 강남구 삼성로119길 41. 1층(삼성동)
26,강남대점,경기도,용인시기흥구,경기도 용인시기흥구 강남동로 114번 22
27,강남점,대구광역시,동구,대구광역시 동구 신암로16길 2
28,강릉교동점,강원도,강릉시,강원도 강릉시 강릉대로 269 (교동)
29,강릉대점,강원도,강릉시,강원도 강릉시  율곡초교길39번 27
30,강릉서부점,강원도,강릉시,강원도 강릉시 임영로 170-3(임당동)
31,강릉옥계점,강원도,강릉시,"강원도 강릉시 옥계면 현내시장길 52, 1/2"
32,강릉옥천동점,강원도,강릉시,강원도 강릉시 동부시장길 45(옥천동)
33,강릉유천점,강원도,강릉시,강원도 강릉시  선수촌로 63번길 우미린상가106
34,강북점,대구광역시,북구,대구광역시 북구 읍내동 803-1
35,강상점,경기도,양평군,경기도 양평군 강상면 병산리69-12
36,강서구청점,서울특별시,강서구,서울특별시 강서구 화곡6동 986-4 1층
37,강서점,충청북도,청주시흥덕구,충청북도 청주시흥덕구 강서동 가로수로1154번길 21-5
38,강선점,경기도,고양시일산서구,경기도 고양시일산서구 강선로 67번지 유원상가 103호
39,강진점,전라남도,강진군,전라남도 강진군 강진읍 탐진로 76-1
40,강화1점,인천광역시,강화군,인천광역시 강화군 강화읍 강화대로403번길 5
41,강화2점,인천광역시,강화군,인천광역시 강화군 강화읍 남산리 39-1
42,개군점,경기도,양평군,경기도 양평군 개군면 하자포길 35
43,개금점,부산광역시,부산진구,부산광역시 부산진구 개금3동 18
44,개봉1점,서울특별시,구로구,"서울특별시 구로구 개봉로11길 13, 1층 3호(개봉동)"
45,개신점,충청북도,청주시흥덕구,충청북도 청주시흥덕구 장구봉로 130(개신동)
46,개운점,강원도,원주시,강원도 원주시 송림길 48-10(개운동)
47,개포2점,서울특별시,강남구,서울특별시 강남구 선릉로6길 12. 1층(개포동)
48,개포3점,서울특별시,강남구,서울특별시 강남구 개포로22길 23. 지상1층(개포동)
49,거모점,경기도,시흥시,경기도 시흥시 거모동 1753-6 105호
50,거제상동점,경상남도,거제시,"경상남도 거제시 상동1길 15-9(상동동, 320동 103호)"
51,거진점,강원도,고성군,강원도 고성군 거진읍 거탄진로 129-1
52,거창점,경상남도,거창군,경상남도 거창군 거창읍 중앙로 52-1
53,건등점,강원도,원주시,강원도 원주시 문막읍 동화초교길 38
54,건영점,경기도,고양시일산서구,경기도 고양시일산서구 성저로 110번지
55,건천점,경상북도,경주시,"경상북도 경주시 건천읍 내서로 1126, 101"
56,검단점,인천광역시,서구,인천광역시 서구 완정로 196
57,검암경서점,인천광역시,서구,인천광역시 서구 검암동 643-2 우주프라자 104
58,경남고성점,경상남도,고성군,경상남도 고성군 고성읍 송학리 263-7
59,경남금산점,경상남도,진주시,경상남도 진주시 금산면 장사리 935-1
60,경남단계점,경상남도,산청군,경상남도 산청군 신등면 신등가회로 15
61,경남사천점,경상남도,사천시,경상남도 사천시 사천읍 정의1길 16
62,경남양산점,경상남도,양산시,경상남도 양산시 중앙로 111 1층
63,경복점,서울특별시,강남구,서울특별시 강남구 논현동 277
64,경안점,경기도,광주시,경기도 광주시 중앙로 179 (송정동)
65,경포대점,강원도,강릉시,강원도 강릉시 경포로 489-6(안현동)
66,계산1점,인천광역시,계양구,인천광역시 계양구 계산2동 933-25
67,계양1동점,인천광역시,계양구,인천광역시 계양구 황어로115번길 10
68,고강1점,경기도,부천시오정구,경기도 부천시오정구 원종동 238-10
69,고강2점,경기도,부천시오정구,경기도 부천시오정구 고강본동 399
70,고담리점,경기도,이천시,경기도 이천시 대월면 대산로288번길 72
71,고대점,충청남도,당진군,충청남도 당진군 고대면 고대로 47
72,고덕역점,서울특별시,강동구,서울특별시 강동구 고덕1동 643-2
73,고덕점,충청남도,예산군,충청남도 예산군 고덕면 용고길 353
74,고매리점,경기도,용인시기흥구,경기도 용인시기흥구 고매동 722-2
75,고북점,충청남도,서산시,충청남도 서산시 고북면 기포리 300-2
76,고색점,경기도,수원시권선구,경기도 수원시권선구 고색동 42-14
77,고양동점,경기도,고양시덕양구,경기도 고양시덕양구 혜음로 68-11
78,고은점,충청북도,청원군,충청북도 청원군 남일면 단재로 730-1
79,고읍점,경기도,양주시,"경기도 양주시 고읍남로39번길 71, 104(광사동)"
80,고잔2점,경기도,안산시단원구,경기도 안산시단원구 고잔동 733-1 104
81,고잔점,경기도,안산시단원구,경기도 안산시단원구 고잔동 612 문화연립상가동 110
82,고척동점,서울특별시,구로구,서울특별시 구로구 고척2동 164-41
83,고천점,경기도,의왕시,"경기도 의왕시 효행로 44(오전동, 의왕빌딩3호)"
84,고한점,강원도,정선군,강원도 정선군 고한읍 고한로 151-1
85,고현점,경상남도,거제시,경상남도 거제시 신현읍 고현리 799-12
86,곡반정점,경기도,수원시권선구,경기도 수원시권선구 곡반정동 578 현대@상가107
87,곤명점,경상남도,사천시,경상남도 사천시 곤명면 정곡리 843-9
88,곤지암점,경기도,광주시,"경기도 광주시 곤지암읍 곤지암로50번길, 25"
89,공덕동점,서울특별시,마포구,서울특별시 마포구 공덕동 111-187
90,공덕역점,서울특별시,마포구,"서울특별시 마포구 마포대로11길 75 102 (공덕동, 공덕현대아파트상가)"
91,공도점,경기도,안성시,경기도 안성시 공도읍 고무다리길 10-1
92,공릉2점,서울특별시,노원구,서울특별시 노원구 동일로184길 69. 1층(공릉동)
93,공주1점,충청남도,공주시,충청남도 공주시 웅진로 140(중동)
94,공주산성동점,충청남도,공주시,충청남도 공주시 산성찬호길 1(산성동)
95,과학단지점,충청북도,청원군,충청북도 청원군 오창읍 오창중앙로 94
96,관기점,충청북도,보은군,충청북도 보은군 마로면 관기송현로 95-1
97,관산점,경기도,고양시덕양구,경기도 고양시덕양구 통일로802번길 71
98,관양1점,경기도,안양시동안구,경기도 안양시동안구 관양동 1397-1 1층 101
99,관음점,대구광역시,북구,대구광역시 북구 관음동 1319-11
100,관저1점,대전광역시,서구,대전광역시 서구 관저동 981 원앙쇼핑109호
101,관저2점,대전광역시,서구,대전광역시 서구 관저동 1137-1 구봉5단지상가 103호
102,광나루점,서울특별시,광진구,서울특별시 광진구 광장동 277-12 1층
103,광릉내점,경기도,남양주시,경기도 남양주시 진접읍 광릉내로 81
104,광명1점,경기도,광명시,경기도 광명시 오리로 937
105,광명2점,경기도,광명시,경기도 광명시 광명동 348-20
106,광명3점,경기도,광명시,"경기도 광명시 광명로928번길 14, 1층(광명동)"
107,광산점,광주광역시,광산구,광주광역시 광산구 송정동 792-14
108,광안점,부산광역시,수영구,부산광역시 수영구 무학로33번길 55
109,광양점,전라남도,광양시,전라남도 광양시 광양읍 인서중앙길 43
110,광장동점,서울특별시,광진구,서울특별시 광진구 구의동 203-24
111,광주점,경기도,광주시,경기도 광주시 문화로 6(역동)
112,광주지사,,, 
113,광천점,충청남도,홍성군,충청남도 홍성군 광천읍 광천리 244-7
114,광탄점,경기도,파주시,경기도 파주시 광탄면 혜음로 1127-1
115,광혜원점,충청북도,진천군,충청북도 진천군 광혜원면 화랑5길 8
116,괴산점,충청북도,괴산군,"충청북도 괴산군 괴산읍 읍내로11번길, 8-5"
117,괴안1점,경기도,부천시소사구,"경기도 부천시소사구 부광로8번길 39,104(괴안동)"
118,괴정1점,대전광역시,서구,대전광역시 서구 괴정동 130-3
119,교대역점,서울특별시,서초구,서울특별시 서초구 서초동 1640-1 1층
120,교하점,경기도,파주시,경기도 파주시 숲속노을로 298
121,구곡현대점,강원도,원주시,강원도 원주시 남원로 492-14(단구동1576-3)
122,구례점,전라남도,구례군,전라남도 구례군 구례읍 중앙로 35
123,구로2동점,서울특별시,구로구,서울특별시 구로구 구로2동 726-32
124,구리남점,경기도,구리시,경기도 구리시 안골로20번길 28
125,구리중앙점,경기도,구리시,경기도 구리시 교문동 체육관로171번길 11-6
126,구미 송정점,경상북도,구미시,경상북도 구미시 송정동 465-1
127,구반월점,경기도,안산시상록구,경기도 안산시상록구 건건동 632-4 1층
128,구산점,경상남도,김해시,경상남도 김해시 구산로 32-1
129,구성마북점,경기도,용인시기흥구,경기도 용인시기흥구 연원로 5(마북동)
130,구암점,전라북도,군산시,전라북도 군산시 서당길 19(구암동)
131,구운점,경기도,수원시권선구,경기도 수원시권선구 구운동 496-2
132,구월1동점,인천광역시,남동구,인천광역시 남동구 구월동 1217-2 103호
133,구의동점,서울특별시,광진구,서울특별시 광진구 자양로 322 (구의동)
134,군남점,경기도,연천군,경기도 연천군 군남면 군남로 115
135,군산금호점,전라북도,군산시,전라북도 군산시 나운동 489 금호타운상가 108
136,군위점,경상북도,군위군,경상북도 군위군 군위읍 서부리 57-1
137,군자11점,경기도,안산시단원구,경기도 안산시단원구 선부동 1078-4 가동상가 110
138,군포당동점,경기도,군포시,"경기도 군포시 군포로510번길 25(당동, 당동누리에뜰해밀제1층118호)"
139,궁동점(대전),대전광역시,유성구,대전광역시 유성구 궁동 404-7
140,궁동점(서울),서울특별시,구로구,"서울특별시 구로구 부일로15길 4, 1층 103호(궁동)"
141,권선점,경기도,수원시권선구,경기도 수원시권선구 권선동 1053-6
142,근화점,전라남도,목포시,전라남도 목포시 연산동 산정로 268-3
143,금곡점,경기도,남양주시,경기도 남양주시 금곡로 49
144,금산2점,충청남도,금산군,충청남도 금산군 금산읍 중도리 391-4
145,금암점,전라북도,전주시덕진구,전라북도 전주시덕진구 조경단로 45 2층 철골조스라브중하점포 1
146,금오점,경기도,의정부시,경기도 의정부시 금신로 398
147,금왕점,충청북도,음성군,충청북도 음성군 금왕읍 탑골길 20
148,금장점,경상북도,경주시,경상북도 경주시 현곡면 금장리 410 삼성APT상가 나동 103
149,금촌주공점,경기도,파주시,경기도 파주시 가나무로 103
150,금호동점(광주),광주광역시,서구,광주광역시 서구 금호동 815 호반리젠시빌 상가
151,금호로타리점,서울특별시,성동구,서울특별시 성동구 무수막길 89-2
152,금호역점,서울특별시,성동구,서울특별시 성동구 금호동3가 1394-3
153,기계점,경상북도,포항시북구,경상북도 포항시북구 기계면 현내리 407-3번지
154,기아점,경기도,광명시,경기도 광명시 소하동 1236-7
155,기업도시점,충청북도,충주시,충청북도 충주시 중앙탑면 원앙9길 15 
156,기장점,부산광역시,기장군,부산광역시 기장군 기장읍 대라리 129-1
157,기지시점,충청남도,당진군,충청남도 당진군 송악읍 기지시리 161-1
158,길동2점,서울특별시,강동구,서울특별시 강동구 길동 337-14
159,길동3점,서울특별시,강동구,"서울특별시 강동구 천호대로185길 89(길동, 1층)"
160,길음점,서울특별시,성북구,서울특별시 성북구 길음로 74 길음뉴타운5단지 2-105
161,김해내동점,경상남도,김해시,경상남도 김해시 평전로 154(내동)
162,김해중앙점,경상남도,김해시,경상남도 김해시 부원동 603-7
163,까치산점,서울특별시,강서구,서울특별시 강서구 화곡8동 342-7 1층 102
164,꼬꼬점,경상북도,포항시북구,경상북도 포항시북구 중앙상가3길 20-3(남빈동)
165,꿈.연화점,경기도,부천시원미구,경기도 부천시원미구 옥산로 86
166,나주역점,전라남도,나주시,전라남도 나주시 송월동 1252
167,낙성대1점,서울특별시,관악구,서울특별시 관악구 봉천11동 1642-7
168,낙성대2점,서울특별시,관악구,"서울특별시 관악구 행운길 7(봉천동, 1층)"
169,남목점,울산광역시,동구,울산광역시 동구 동해안로 40-2(동부동)
170,남부점,강원도,원주시,강원도 원주시 남원로 617-2(명륜동)
171,남양점,경기도,화성시,경기도 화성시 남양면 남양리 1267-11
172,남양점(구성주점),경상남도,창원시성산구,경상남도 창원시성산구 가음로 13번길15
173,남양주도곡점,경기도,남양주시,경기도 남양주시 와부읍 덕소로 194-14
174,남원노암점,전라북도,남원시,"전라북도 남원시 노암동 260, 한신아파트상가 102호"
175,남원점,제주특별자치도,서귀포시,제주특별자치도 서귀포시 남원읍 남원리 100-1
176,남창점,울산광역시,울주군,울산광역시 울주군 온양읍 대안리 411-4
177,남촌점,경기도,오산시,경기도 오산시 오산동 614-23
178,남해대교점,경상남도,남해군,경상남도 남해군 설천면 노량로 197
179,남해점,경상남도,남해군,경상남도 남해군 남해읍 서변리 149-1
180,내곡동점,강원도,강릉시,강원도 강릉시 관대길 70
181,내동2점,대전광역시,서구,대전광역시 서구 내동 160-19
182,내동점,경기도,부천시오정구,경기도 부천시오정구 삼작로96번길 21(내동)
183,내면점,강원도,홍천군,강원도 홍천군 내면읍 창촌로 48
184,내서점,경상남도,창원시마산회원구,경상남도 창원시마산회원구 내서읍 죽암로43-1
185,내포1점,충청남도,홍성군,충청남도 홍성군 홍북면 애향2길 2
186,노량진2동점,서울특별시,동작구,서울특별시 동작구 노량진2동 306-5
187,노암점,강원도,강릉시,강원도 강릉시 노가니길 1(노암동)
188,노은반석점,대전광역시,유성구,"대전광역시 유성구 노은서로266번 77, 104호(지상1층)"
189,노학점,강원도,속초시,강원도 속초시 교동 교동로 55(교동)
190,녹양점,경기도,의정부시,경기도 의정부시 비우로 102-1
191,논산2점,충청남도,논산시,충청남도 논산시 취암동 610-2
192,논산대교점,충청남도,논산시,충청남도 논산시 대교동 250-14
193,논산주공점,충청남도,논산시,"충청남도 논산시 논산대로 348번길 7, 상가-101(취암동,주공아파트)"
194,논현동점,서울특별시,강남구,"서울특별시 강남구 강남대로128길 27(논현동, 지상1층 102호)"
195,논현주공점,인천광역시,남동구,인천광역시 남동구 논현동 563-6
196,농암점,경상북도,문경시,경상북도 문경시 농암면 청암2길 10
197,능곡점,경기도,고양시덕양구,경기도 고양시덕양구 토당로78번길 7-10(토당동)
198,능주점,전라남도,화순군,전라남도 화순군 능주면 죽수길50
199,다인점,경상북도,의성군,경상북도 의성군 다인면 서릉길 31
200,단계점,강원도,원주시,강원도 원주시 원문로 89 (학성동)
201,단계택지점,강원도,원주시,강원도 원주시 금불3길 34(단계동)
202,단관점,강원도,원주시,강원도 원주시 단관길 163(관설동)
203,단구점,강원도,원주시,강원도 원주시 치악로 1596(단구동)
204,단월동점,경기도,이천시,경기도 이천시 단월로 29(단월동)
205,단촌점,경상북도,의성군,경상북도 의성군 단촌면 하화리 248-1
206,달동1점,울산광역시,남구,울산광역시 남구 달동 1329-9
207,달동2점,울산광역시,남구,"울산광역시 남구 번영로107번길 3, 203(달동, 주공아파트)"
208,달전점,경상북도,포항시북구,경상북도 포항시북구 흥해읍 도음로877번길 9 삼도미래타운106-106
209,달천점,울산광역시,북구,울산광역시 북구 달천로 103-19(달천아이파크 2차상가 100동 B109호)
210,답십리점,서울특별시,동대문구,"서울특별시 동대문구 전농로3길 52-2, 1층(답십리동)"
211,당감점,부산광역시,부산진구,부산광역시 부산진구 당감동 739-10
212,당산동점,서울특별시,영등포구,서울특별시 영등포구 영등포동8가 29-2
213,당수동점,경기도,수원시권선구,경기도 수원시권선구 당수동 218-1
214,당진1점,충청남도,당진군,충청남도 당진군 당진중앙2로 54-5
215,당진2점,충청남도,당진군,충청남도 당진군 무수동로 195
216,당진3점,충청남도,당진군,충청남도 당진군 원당로 55(원당동)
217,당진신평점,충청남도,당진군,충청남도 당진군 신평면 신평로 827
218,대강점,충청북도,단양군,충청북도 단양군 대강면 대강로 59-1
219,대고점,대전광역시,중구,"대전광역시 중구 테미로 31-1(대흥동, 1층)"
220,대광리점,경기도,연천군,경기도 연천군 신서면 도대로 3번길 33호
221,대구고성점,대구광역시,북구,대구광역시 북구 고성3가 5-147
222,대구남산점,대구광역시,중구,대구광역시 중구 남산로2길 13(남산동)
223,대구대명점,대구광역시,남구,대구광역시 남구 두류공원로17길 48 (지하1층)
224,대구상동점,대구광역시,수성구,대구광역시 수성구 중동 502-3
225,대구서문점,대구광역시,서구,대구광역시 서구 비산동 280-8
226,대구송정점,대구광역시,동구,대구광역시 동구 반야월로 379(신서동)
227,대구신당점,대구광역시,달서구,대구광역시 달서구 신당동 1808-5
228,대구지사,,, 
229,대구지산점,대구광역시,수성구,대구광역시 수성구 지산동 1234 지산단지114-4
230,대구터미널점,대구광역시,동구,대구광역시 동구 신천동 431-4
231,대림역점,서울특별시,구로구,서울특별시 구로구 구로중앙로8길 17
232,대림점,서울특별시,영등포구,서울특별시 영등포구 대림로34길 14-1
233,대명점,경기도,고양시일산서구,경기도 고양시일산서구 호수로 838번지 22
234,대방동점,서울특별시,동작구,서울특별시 동작구 대방동 23-128
235,대봉점,대구광역시,중구,대구광역시 중구 대봉동 121-241
236,대산점,충청남도,서산시,충청남도 서산시 대산읍 대산리 214-10
237,대소점,충청북도,음성군,"충청북도 음성군 대소면 오태로99번길, 42342"
238,대송점,울산광역시,동구,울산광역시 동구 화정동 164-11
239,대신점,경기도,여주군,경기도 여주군 대신면 여양로 1456-4
240,대우궐동점,경기도,오산시,경기도 오산시 수청동 518-9
241,대우동춘점,인천광역시,연수구,인천광역시 연수구 동춘동 920-1 대우3차@상가 106호
242,대우점,인천광역시,부평구,인천광역시 부평구 산곡동 26-44 1층
243,대전용문점,대전광역시,서구,대전광역시 서구 괴정동 48-6
244,대전지사,,, 
245,대전터미널점,대전광역시,동구,대전광역시 동구 용전동 동서대로 1695번길 106
246,대조동점,서울특별시,은평구,서울특별시 은평구 역말로9길 40-1. 1층(대조동)
247,대진점,강원도,고성군,강원도 고성군 현내면 한나루로 112-1
248,대천해수욕장점,충청남도,보령시,충청남도 보령시 해수욕장4길 68(신흑동)
249,대치동점,서울특별시,강남구,서울특별시 강남구 대치동 626 청실상가 108
250,대학로점,강원도,삼척시,강원도 삼척시 대학로 45(당저동)
251,대화점,강원도,평창군,강원도 평창군 대화면 대화3길 46
252,덕산점,충청북도,진천군,충청북도 진천군 덕산면 덕금로 809
253,덕절리점,경기도,화성시,경기도 화성시 정남면 발안로 1177
254,덕정점,경기도,양주시,경기도 양주시 덕정길 23
255,덕천점,경기도,안양시만안구,경기도 안양시만안구 덕천로128번길 18(안양동)
256,덕풍동점,경기도,하남시,"경기도 하남시 신장동 430-7 성원쌍떼빌 104호, 105호"
257,도계점,강원도,삼척시,"강원도 삼척시 도계읍 도계로 228, 1/3"
258,도고점,충청남도,아산시,충청남도 아산시 도고면 신언리 96-10
259,도구점,경상북도,포항시남구,경상북도 포항시남구 동해면 일월로 116
260,도당점,경기도,부천시원미구,경기도 부천시원미구 도당동 284-15 1층
261,도련점,제주특별자치도,제주시,"제주특별자치도 제주시 삼봉로 115, 미듬하나로맨션상가 103"
262,도림주공점,인천광역시,남동구,인천광역시 남동구 논고개로 299
263,도립대점,강원도,강릉시,강원도 강릉시  주문진읍 연주로 261-1
264,도마점,대전광역시,서구,대전광역시 서구 도마1동 129-30
265,도봉점,서울특별시,도봉구,"서울특별시 도봉구 도봉로164길 10(도봉동, 1층)"
266,도안지구점,대전광역시,유성구,대전광역시 유성구 원신흥남로11번 6-22 (102호)
267,도영점,강원도,원주시,강원도 원주시 남원로 527번길 6-34(명륜동)
268,도평점,경기도,광주시,경기도 광주시 초월읍 현산로 89-6
269,도화동점,서울특별시,마포구,서울특별시 마포구 도화동 268
270,독산1점,서울특별시,금천구,서울특별시 금천구 가산로3길 16
271,독산3점,서울특별시,금천구,서울특별시 금천구 독산로 319
272,독산4점,서울특별시,금천구,서울특별시 금천구 독산로74길 24. 1층(독산동)
273,독산점,서울특별시,금천구,서울특별시 금천구 독산동 1123
274,동대동점,충청남도,보령시,충청남도 보령시 주공로 24(동대동)
275,동두천역전점,경기도,동두천시,경기도 동두천시 어수로 92
276,동두천터미널점,경기도,동두천시,경기도 동두천시 중앙로265번길 15(생연동)
277,동명동점,강원도,속초시,강원도 속초시 장안로 26-2(동명동)
278,동명점,경상북도,칠곡군,경상북도 칠곡군 동명면 봉암1길 7
279,동문점,경기도,용인시수지구,경기도 용인시수지구 수풍로 53(풍덕천동)
280,동방점,서울특별시,성북구,서울특별시 성북구 정릉동 227-72
281,동보점,강원도,원주시,강원도 원주시 진광길 30(우산동)
282,동삼점,부산광역시,영도구,부산광역시 영도구 태종로 688-2(동삼동)
283,동소문동점,서울특별시,성북구,서울특별시 성북구 동선동5가 18
284,동송점,강원도,철원군,강원도 철원군 동송읍 금학로 232
285,동신점,경기도,수원시장안구,경기도 수원시장안구 송죽동 488
286,동아점,경기도,고양시일산동구,경기도 고양시일산동구 강송로 196 동아아파트상가 1-3
287,동암남점,인천광역시,부평구,인천광역시 부평구 경인로701번길 43 1층
288,동인점,대구광역시,중구,대구광역시 중구 동인동3가 238-2
289,동천동점,경기도,용인시수지구,경기도 용인시수지구 고기로45번길 58 동문그린아파트 상가101호
290,동천점,경상북도,경주시,경상북도 경주시 탈해로47번길 6-4
291,동촌점,대구광역시,동구,대구광역시 동구 검사동 960-170
292,동탄1점,경기도,화성시,경기도 화성시 능동 1110 주공상가 101호
293,동탄2점,경기도,화성시,경기도 화성시 동탄면 중리 동탄청계로 303-14
294,동해점,강원도,동해시,강원도 동해시 천곡2길 4(천곡동)
295,두구동점,부산광역시,금정구,부산광역시 금정구 두구동 230-3
296,두정2점,충청남도,천안시서북구,"충청남도 천안시서북구 부성6길 23(두정동, 중앙프라자상가105호)"
297,두정점,충청남도,천안시서북구,충청남도 천안시서북구 두정역서1길 13
298,두호점,경상북도,포항시북구,경상북도 포항시북구 두호동 205-26
299,둔덕점,전라남도,여수시,전라남도 여수시 만성로 18
300,둔산1점,대전광역시,서구,대전광역시 서구 둔산동 991 국화동성@상가 202호
301,둔산2점,대전광역시,서구,대전광역시 서구 둔산3동 1972번지
302,둔전점,경기도,용인시처인구,경기도 용인시처인구 금어로 2(유방동)
303,등촌제일점,서울특별시,강서구,서울특별시 강서구 등촌1동 641-12
304,뚝섬점,서울특별시,광진구,서울특별시 광진구 능동로3가길 4(자양동)
305,레이크타운점,경기도,안산시단원구,경기도 안산시단원구 광덕동로25 상가동101호
306,마도점,경기도,화성시,경기도 화성시 마도면 석교로 171
307,마석점,경기도,남양주시,"경기도 남양주시 화도읍 비룡로 185-20, 210(삼진상가2층)"
308,마송점,경기도,김포시,경기도 김포시 통진읍 조강로 49
309,마장동점,서울특별시,성동구,"서울특별시 성동구 청계천로10나길 80, 1층(마장동)"
310,마전점,충청남도,금산군,충청남도 금산군 추부면 마전리 571-1
311,마천1점,서울특별시,송파구,서울특별시 송파구 마천로61길 9(마천동)
312,마평리점,경기도,용인시처인구,경기도 용인시처인구 금령로 129(마평동)
313,만년점,대전광역시,서구,대전광역시 서구 만년로16번길 27(만년동)
314,만수1점,인천광역시,남동구,인천광역시 남동구 만수서로 97-17(만수동 1층)
315,만수3점,인천광역시,남동구,인천광역시 남동구 만수동 861 1층
316,만수삼환점,인천광역시,남동구,인천광역시 남동구 소래로669번길 106호
317,만수주공점,인천광역시,남동구,인천광역시 남동구 장승남로34번길 22 상가 111호
318,만촌점,대구광역시,수성구,대구광역시 수성구 만촌동 963-4
319,만평점,대구광역시,서구,대구광역시 서구 비산동 1285-2
320,망상점,강원도,동해시,"강원도 동해시 동해대로 6270-18(망상동, 상가116)"
321,망우동점,서울특별시,중랑구,서울특별시 중랑구 망우3동 444-26
322,망원동점,서울특별시,마포구,서울특별시 마포구 망원2동 475-42
323,매산점,경기도,수원시팔달구,경기도 수원시팔달구 갓매산로26번길 24
324,매송점,경기도,화성시,경기도 화성시 매송면 원평리 124-18
325,매탄점,경기도,수원시영통구,경기도 수원시영통구 매탄2동 130-10
326,매화동점,경기도,시흥시,경기도 시흥시 매화1로 21
327,명곡점,대구광역시,달성군,대구광역시 달성군 화원읍 설화리 779-1
328,명보점,충청북도,제천시,충청북도 제천시 용두천로 112(남천동)
329,명일점,서울특별시,강동구,서울특별시 강동구 동남로67길 44(명일동)
330,명지점,부산광역시,강서구,부산광역시 강서구 명지오션시티10 16 
331,모가점,경기도,이천시,경기도 이천시 모가면 진상미로 1257(성광주택)
332,모라점,부산광역시,사상구,부산광역시 사상구 모라로46번길 70(모라동)
333,모란점,경기도,성남시중원구,"경기도 성남시중원구 제일로35번길 31, 1층(성남동)"
334,모산점,충청남도,아산시,충청남도 아산시 배방면 공수리 63-24
335,모현점,경기도,용인시처인구,경기도 용인시처인구 모현면 외대로 36
336,목감점,경기도,시흥시,경기도 시흥시 동서로 1095
337,목동1점,서울특별시,양천구,서울특별시 양천구 목4동 772-12
338,목동3점,서울특별시,양천구,"서울특별시 양천구 목동동로 50 A-111(신정동, 목동아파트)"
339,목동시장점,서울특별시,양천구,서울특별시 양천구 목동중앙남로10 7
340,목상석봉점,대전광역시,대덕구,"대전광역시 대덕구 대덕대로1454번길 11-6(목상동,1층)"
341,목행점,충청북도,충주시,충청북도 충주시 행정10길 10(목행동)
342,무거1점,울산광역시,남구,울산광역시 남구 신복로23번길 15(무거동)
343,무실점,강원도,원주시,강원도 원주시 시청로 88(무실동)
344,무원삼보점,경기도,고양시덕양구,경기도 고양시덕양구 화신로 31 무원마을 삼보상가 102
345,무주리조트,전라북도,무주군,전라북도 무주군 설천면 만선로 185(한솔동 1층)
346,무주점,전라북도,무주군,전라북도 무주군 무주읍 읍내리 249-6
347,무지개점,경기도,성남시분당구,"경기도 성남시분당구 구미동 211, 무지개마을 106"
348,묵동점,서울특별시,중랑구,"서울특별시 중랑구 중랑역로 150, 108호(묵동,우성상가)"
349,묵호점,강원도,동해시,"강원도 동해시 발한로 137(발한동, 가동)"
350,문경점,경상북도,문경시,경상북도 문경시 문경읍 주흘로 29
351,문덕점,경상북도,포항시남구,경상북도 포항시남구 오천읍 문덕리 203-3 청호A상가101
352,문막점,강원도,원주시,강원도 원주시 문막읍 문막시장1길 55-2
353,문산점,경기도,파주시,경기도 파주시 문산읍 문항로 82
354,문정점,서울특별시,송파구,"서울특별시 송파구 송이로33길 6-17(문정동, 지상1층)"
355,문촌점,경기도,고양시일산서구,경기도 고양시일산서구 대산로 183
356,문학점,인천광역시,남구,"인천광역시 남구 승학길 4(문학동, 101호)"
357,문화동점,충청북도,충주시,충청북도 충주시 사직산1길 15-11(문화동)
358,문화점,대전광역시,중구,대전광역시 중구 문화동 788 상가 107호
359,미금점,경기도,성남시분당구,경기도 성남시분당구 미금일로 55 상가동108호
360,미룡산북점,전라북도,군산시,전라북도 군산시 부곡로 125(미룡동)
361,미아점,서울특별시,강북구,서울특별시 강북구 도봉로29길 10 1층
362,미원점,충청북도,청원군,충청북도 청원군 미원면 미원시내2길 19-3
363,민락점,경기도,의정부시,경기도 의정부시 오목로 99
364,박달2점,경기도,안양시만안구,경기도 안양시만안구 박달동 134-5
365,반구점,울산광역시,중구,울산광역시 중구 반구동 101-8
366,반달마을점,경기도,부천시원미구,"경기도 부천시원미구 상동 397, 반달상가1층"
367,반송2점,부산광역시,해운대구,부산광역시 해운대구 반송동 62-340
368,반여점,부산광역시,해운대구,부산광역시 해운대구 선수촌로 207번가길 67
369,반월점,전라북도,전주시덕진구,전라북도 전주시덕진구 반월동 1229 반월주공아파트상가 104호
370,반포동점,서울특별시,서초구,서울특별시 서초구 반포1동 717-10 101
371,발산동점,서울특별시,강서구,서울특별시 강서구 우장산로 9(내발산동)
372,발안1점,경기도,화성시,경기도 화성시 향남읍 장짐리 216-4 대준빌딩1층
373,방배본점,서울특별시,서초구,서울특별시 서초구 동광로11길 25. 1층(방배동)
374,방어진점,울산광역시,동구,울산광역시 동구 방어동 문현지구 70B10N
375,방이2점,서울특별시,송파구,서울특별시 송파구 방이동 159-16
376,방화1점,서울특별시,강서구,"서울특별시 강서구 양천로11길 8 (방화동, 1층)"
377,방화2점,서울특별시,강서구,"서울특별시 강서구 방화동로 116-1(방화동, 1층)"
378,배곧신도시1점,경기도,시흥시,경기도 시흥시 배곧4로 32-13 102호
379,백련시장점,서울특별시,서대문구,서울특별시 서대문구 남가좌2동 347-1
380,백석점,경기도,양주시,경기도 양주시 백석읍 양주산성로 
381,백암점,경상북도,울진군,경상북도 울진군 온정면 소태리 933
382,백양사점,전라남도,장성군,전라남도 장성군 북하면 백양로 904
383,백천점,경상북도,경산시,경상북도 경산시 백천동 573-1 108
384,백학점,경기도,연천군,경기도 연천군 백학면 두일로143번길 37
385,번동점,서울특별시,강북구,서울특별시 강북구 번3동 307 1층 5호
386,범서점,울산광역시,울주군,울산광역시 울주군 범서읍 천상중앙길 110 (천상종합상가 다동 130~131호)
387,범어점,경상남도,양산시,경상남도 양산시 물금읍 범어리 721-1
388,범어B점,대구광역시,수성구,대구광역시 수성구 동대구로77길 24
389,법1동점,대전광역시,대덕구,대전광역시 대덕구 법동 281 삼정하이츠@상가 1층
390,법2동점,대전광역시,대덕구,대전광역시 대덕구 법동 206-6
391,법원점,대전광역시,중구,대전광역시 중구 선화동 280-1
392,별내점,경기도,남양주시,경기도 남양주시 별내중앙로26 111호
393,병영점,울산광역시,중구,울산광역시 중구 병영로 80
394,병점점,경기도,화성시,경기도 화성시 병점동 828-2
395,병천점,충청남도,천안시동남구,충청남도 천안시동남구 병천면 병천리 157-17
396,보개점,경기도,안성시,경기도 안성시 보개면 남사당로 1-3
397,보광2점,서울특별시,용산구,"서울특별시 용산구 장문로6길 101, 지상1층(동빙고동 1-9)"
398,보라매동점,서울특별시,관악구,서울특별시 관악구 보라매로 22 (봉천동)
399,보라점,경기도,용인시기흥구,경기도 용인시기흥구 사은로 116
400,보은점,충청북도,보은군,충청북도 보은군 보은읍 삼산리 44-1
401,복대점,충청북도,청주시흥덕구,충청북도 청주시흥덕구 복대로199번길 3
402,복수점,대전광역시,서구,대전광역시 서구 복수동 283-397
403,복창점,경기도,평택시,"경기도 평택시 신장동 서밀월로18,2층"
404,본리점,대구광역시,달서구,대구광역시 달서구 본리동 81-3번지
405,본오2점,경기도,안산시상록구,경기도 안산시상록구 각골로 123
406,봉계점,울산광역시,울주군,울산광역시 울주군 두동면 계명1길 39(1층)
407,봉담와우리점,경기도,화성시,경기도 화성시 봉담읍 와우로15번길 55-9 효성@상가1층
408,봉담점,경기도,화성시,경기도 화성시 봉담읍 진등1길 57-1
409,봉덕2점,대구광역시,남구,대구광역시 남구 봉덕동 924-3
410,봉동점,전라북도,완주군,전라북도 완주군 봉동읍 장기리 214-1
411,봉명동점,충청북도,청주시흥덕구,충청북도 청주시흥덕구 주현로25번길 20(봉명동)
412,봉산점,강원도,원주시,강원도 원주시 치악로 1867 (봉산동)
413,봉암리점,경기도,양주시,경기도 양주시 은현면 은현로 521
414,봉천2점,서울특별시,관악구,서울특별시 관악구 봉천동 7-125
415,봉천현대점,서울특별시,관악구,"서울특별시 관악구 양녕로 35-1, 1층(봉천동)"
416,봉평점,강원도,평창군,강원도 평창군 봉평면 기풍3길 28
417,봉화점,경상북도,봉화군,경상북도 봉화군 봉화읍 내성리 236-17
418,부강점,세종특별자치시,,세종특별자치시   부강면 부강2길 11
419,부개주공점,인천광역시,부평구,인천광역시 부평구 부개동 12-380 부개택지개발 1블럭
420,부곡온천점,경상남도,창녕군,경상남도 창녕군 부곡면 온천중앙로 47
421,부곡점(안산),경기도,안산시상록구,경기도 안산시상록구 부곡동 685-11 안산제2종합시장 1003호
422,부곡점(의왕),경기도,의왕시,경기도 의왕시 솔밭길 31
423,부기점,경상북도,경산시,경상북도 경산시 진량읍 금호강변로 820 창신무학타운110
424,부론점,강원도,원주시,강원도 원주시 부론면 법천시장길 66-11
425,부발점,경기도,이천시,경기도 이천시 부발읍 무촌로 137
426,부사점,대전광역시,중구,대전광역시 중구 부사동 150-6
427,부산송정점,부산광역시,해운대구,부산광역시 해운대구 송정중앙로 15-1
428,부산신평점,부산광역시,사하구,부산광역시 사하구 다대로142번길 130(신평동)
429,부산지사,,, 
430,부석점,경상북도,영주시,경상북도 영주시 부석면 소천리 381-7
431,부송점,전라북도,익산시,전라북도 익산시 부송1로 65
432,부안점,강원도,춘천시,강원도 춘천시 후석로 261(후평동)
433,부여점,충청남도,부여군,충청남도 부여군 부여읍 성왕로 173번길 12
434,부평남부점,인천광역시,부평구,인천광역시 부평구 부평6동 654-1
435,북가좌1점,서울특별시,서대문구,"서울특별시 서대문구 증가로20길 80, 1층(북가좌동)"
436,북가좌2점,서울특별시,서대문구,서울특별시 서대문구 북가좌2동 107-1 1층
437,북문점,경기도,수원시장안구,경기도 수원시장안구 영화동 325-4
438,북변점,경기도,김포시,경기도 김포시 북변동 688 대우아파트상가 111호
439,북부점(경주),경상북도,경주시,경상북도 경주시 동부동 75-8
440,북부점(포항),경상북도,포항시북구,경상북도 포항시북구 두호동 1035-7
441,북삼점,경상북도,칠곡군,경상북도 칠곡군 북삼읍 평원2길 15
442,북평점,강원도,동해시,강원도 동해시 대동로 131(북평동)
443,북항점,전라남도,목포시,전라남도 목포시 원산동 원산중앙로32
444,분당동점,경기도,성남시분당구,경기도 성남시분당구 분당동 39 샛별마을 삼부아파트상가 -101 1호
445,분평동점,충청북도,청주시서원구,"충청북도 청주시서원구 분평동 청남로2005번길, 27"
446,불광동점,서울특별시,은평구,"서울특별시 은평구 연서로34길 16(불광동, 1층)"
447,불국사점,경상북도,경주시,경상북도 경주시 진현동 651-29
448,불노지구점,인천광역시,서구,인천광역시 서구 검단로 836 불로월드타운 1층 65호
449,불당점,충청남도,천안시서북구,충청남도 천안시서북구 불당동 1124  101호
450,불로점,대구광역시,동구,대구광역시 동구 불로동 1139-7
451,비래가양점,대전광역시,동구,대전광역시 동구 가양2동 47-64
452,비산1동점,경기도,안양시동안구,"경기도 안양시동안구 비산로 21, 1층 102호(비산동)"
453,비산삼호점,경기도,안양시동안구,경기도 안양시동안구 비산동 377-4
454,비산점,대구광역시,서구,대구광역시 서구 평리동 791-24
455,비산B점,대구광역시,서구,대구광역시 서구 비산1동 723-1
456,비인점,충청남도,서천군,충청남도 서천군 비인면 성내리 338-5
457,사당4점,서울특별시,동작구,서울특별시 동작구 사당동 1033-23
458,사동2점,경기도,안산시상록구,"경기도 안산시상록구 감골로 43(사동, 102호)"
459,사동리점,경기도,이천시,경기도 이천시 대월면 사동로 162
460,사동점,경기도,안산시상록구,경기도 안산시상록구 사동 1285-3
461,사북점,강원도,정선군,강원도 정선군 사북읍 사북중앙로 13
462,사우동점,강원도,춘천시,강원도 춘천시 영서로 2818(사농동)
463,사우지구점,경기도,김포시,경기도 김포시 북변동 832 영풍아파트상가 104
464,사직점,부산광역시,동래구,부산광역시 동래구 사직동 19-45
465,사창동점,충청북도,청주시서원구,충청북도 청주시서원구 1순환로 688(사창동)
466,사창리점,강원도,화천군,강원도 화천군 사내면 사내로 47-1
467,산격점,대구광역시,북구,대구광역시 북구 산격동 1232-3
468,산본13점,경기도,군포시,"경기도 군포시 산본동 1059 우성상가A동 8,9호"
469,산본3점,경기도,군포시,"경기도 군포시 광정로 25-16. 103호(금정동,퇴계종합상가)"
470,산본6점,경기도,군포시,"경기도 군포시 산본천로 34-5(산본동, 세종종합상가동101호)"
471,산본9점,경기도,군포시,경기도 군포시 산본동 수리산로203번안길 34 
472,산본리점,경기도,군포시,경기도 군포시 금산로 62(산본동)
473,산북점,경기도,여주군,경기도 여주군 산북면 상품로 99
474,산성점,대전광역시,중구,대전광역시 중구 산성동 121-1
475,삼계점,경상남도,김해시,경상남도 김해시 삼계동 가야로 147번길 12-1 
476,삼광점,강원도,원주시,강원도 원주시 행구로 91(봉산동)
477,삼동점,경기도,광주시,경기도 광주시 순암로 509(삼동)
478,삼방점,경상남도,김해시,경상남도 김해시 삼안로235번길 14(삼방동668-17)
479,삼보영남점,경기도,부천시원미구,경기도 부천시원미구 중동 1170 삼보상가 109
480,삼산점,인천광역시,부평구,인천광역시 부평구 삼산동 201-3
481,삼성동점,서울특별시,강남구,"서울특별시 강남구 영동대로112길 61, 1층(삼성동)"
482,삼송리점,경기도,고양시덕양구,경기도 고양시덕양구 삼송로193길 1-2
483,삼양동점,서울특별시,강북구,서울특별시 강북구 미아동 833-12
484,삼환대우점,인천광역시,연수구,"인천광역시 연수구 원인재로 88(동춘동, 삼환아파트상가동211호)"
485,삽교점,충청남도,예산군,충청남도 예산군 삽교읍 두리 570-52
486,상계역점,서울특별시,노원구,"서울특별시 노원구 상계로23다길 4, 102호(상계동)"
487,상대원1점,경기도,성남시중원구,"경기도 성남시중원구 박석로62번길 1, 1층(상대원동)"
488,상도4동점,서울특별시,동작구,서울특별시 동작구 상도4동 210-8
489,상도동점,서울특별시,동작구,서울특별시 동작구 상도동 22-107 102
490,상동라일락점,경기도,부천시원미구,"경기도 부천시원미구 도약로 35, 105(상동)"
491,상동점,전라북도,정읍시,전라북도 정읍시 상동 265-1(충정로 37)
492,상동현대점,경기도,부천시원미구,"경기도 부천시원미구 상동 555-8, 102호"
493,상리점,경기도,여주군,경기도 여주군 여주읍 청심로 232
494,상무동점,광주광역시,서구,"광주광역시 서구 치평로 15-1(치평동, 라이대주아파트상가215동111호)"
495,상봉동점(서울),서울특별시,중랑구,서울특별시 중랑구 봉우재로 161(상봉동)
496,상인점,대구광역시,달서구,대구광역시 달서구 상인동 1457-16
497,상일동점,서울특별시,강동구,서울특별시 강동구 상일동 207 1층
498,새마을점,경기도,안양시만안구,경기도 안양시만안구 안양동 759-51
499,샘머리점,대전광역시,서구,대전광역시 서구 둔산동 908 상록스토아 306
500,샘터점,경기도,고양시덕양구,경기도 고양시덕양구 화신로 73 D상가 103호
501,서3점,부산광역시,금정구,부산광역시 금정구 서3동 141-246
502,서귀동문점,제주특별자치도,서귀포시,제주특별자치도 서귀포시 서문로29번길 18
503,서남점,대구광역시,달서구,대구광역시 달서구 감삼동 63-7
504,서둔탑동평동점,경기도,수원시권선구,"경기도 수원시권선구 탑동 328-5번지, 101호"
505,서면점(충남),세종특별자치시,,세종특별자치시   연서면 당산로 286 대원네스트빌@상가101
506,서문점,경기도,수원시장안구,경기도 수원시장안구 장안로 7번길1 1층
507,서변점,대구광역시,북구,대구광역시 북구 서변동 1738-14
508,서부점,경상남도,창원시진해구,경상남도 창원시진해구   충장로 100
509,서사로점,제주특별자치도,제주시,제주특별자치도 제주시 삼도1동 538-16
510,서산1점,충청남도,서산시,충청남도 서산시 읍내동 160-1
511,서산부영점,충청남도,서산시,충청남도 서산시 성암1로 56(읍내동)
512,서산삼성점,충청남도,서산시,충청남도 서산시 동문동 538
513,서상점,경상남도,함양군,경상남도 함양군 서상면 서상로 290-2
514,서석점,강원도,홍천군,강원도 홍천군 서석면 구룡령로 2525
515,서울온천점,서울특별시,노원구,"서울특별시 노원구 노원로16길 15, 상가동 1층 104호 (하계동,중계9단지상가)"
516,서울지사,서울특별시,금천구,서울특별시 금천구 시흥동 985-14
517,서정점,경기도,평택시,경기도 평택시 서정동 288-15
518,서천점,충청남도,서천군,충청남도 서천군 서천읍 군사리 715-2
519,서천점(용인),경기도,용인시기흥구,"경기도 용인시기흥구 예현로35번길  서천동,1층"
520,서초동점,서울특별시,서초구,서울특별시 서초구 서초동 1360-34 지층
521,서현점,경기도,성남시분당구,경기도 성남시분당구 서현동 311 효자촌주상복합 604-110
522,석관동점,서울특별시,성북구,"서울특별시 성북구 돌곶이로22길 50(석관동, 1층)"
523,석남점,인천광역시,서구,인천광역시 서구 석남동 457-7
524,석림점,충청남도,서산시,충청남도 서산시 석림동 783-4
525,석문점,충청남도,당진군,충청남도 당진군 석문면 통정3길 1-1
526,석사점,강원도,춘천시,강원도 춘천시 석사동 백령로23번지 17-3(효자동)
527,석적점,경상북도,칠곡군,경상북도 칠곡군 석적읍 북중리 11길 28
528,석포점,경기도,화성시,경기도 화성시 장안면 버들로 1199
529,선단점,경기도,포천시,경기도 포천시 호국로 995
530,선부3점,경기도,안산시단원구,경기도 안산시단원구 선삼로 1 (선부동 1층)
531,선수촌점,서울특별시,송파구,서울특별시 송파구 잠실7동 85-1 아시아선수촌상가내
532,선유점,경기도,파주시,경기도 파주시 문산읍 독서울1길 39 휴먼시아상가 106
533,선화점,대전광역시,중구,대전광역시 중구 은행동 1-1
534,설봉점,경기도,이천시,경기도 이천시 향교로 106(창전동)
535,설성점,경기도,이천시,경기도 이천시 설성면 설장로 12-1(금성빌딩)
536,설악동점,강원도,속초시,강원도 속초시 청봉로4길 1(설악동)
537,설악면점,경기도,가평군,경기도 가평군 설악면 신천 중앙로 131
538,성거점,충청남도,천안시서북구,충청남도 천안시서북구 성거읍 성거길 90
539,성건점,경상북도,경주시,경상북도 경주시 성건동 625-8
540,성남점,경기도,성남시중원구,경기도 성남시중원구 성남동 4149
541,성남점(울산),울산광역시,중구,울산광역시 중구 성남동 57-2 2F
542,성내점,서울특별시,강동구,서울특별시 강동구 성내1동 560-5
543,성당점,대구광역시,달서구,"대구광역시 달서구 장기로 97(성당동, 보람빌딩지하1층)"
544,성대1점,경기도,수원시장안구,"경기도 수원시장안구 율전동 382-4, 1층"
545,성대2점,경기도,수원시장안구,경기도 수원시장안구 율전동 108-4
546,성모점,경기도,의정부시,경기도 의정부시 금오로 111
547,성산동점,서울특별시,마포구,서울특별시 마포구 중동 64-25
548,성산점,제주특별자치도,서귀포시,제주특별자치도 서귀포시 성산읍 성산중앙로 38
549,성서점,대구광역시,달서구,"대구광역시 달서구 이곡동 1194-2, 상가108호"
550,성석점,경기도,고양시일산동구,경기도 고양시일산동구 고봉로 616(성석동)
551,성정2점,충청남도,천안시서북구,충청남도 천안시서북구 성정동 서부11길 27
552,성정점,충청남도,천안시서북구,충청남도 천안시서북구 성정동 성정로 141
553,성주점(경북),경상북도,성주군,경상북도 성주군 월항면  주산로 397
554,성환점,충청남도,천안시서북구,충청남도 천안시서북구 성환읍 성환리 345-3
555,세검정점,서울특별시,종로구,서울특별시 종로구 평창동 285-2
556,세곡점,서울특별시,강남구,서울특별시 강남구 세곡동 124-2 1층 16
557,세류점,경기도,수원시권선구,경기도 수원시권선구 세류3동 524-25
558,세종첫마을점,세종특별자치시,,"세종특별자치시   나리로 38, 첫마을아파트 7단지 상가 103호"
559,세종청사점,세종특별자치시,,"세종특별자치시   갈매로 479, 101(어진동, 상가동지하1층)"
560,센트럴파크점,인천광역시,연수구,인천광역시 연수구 송도동 컨벤시아대로 50 
561,소래점,인천광역시,남동구,인천광역시 남동구 논현동 577 풍림상가 111호
562,소사1점,경기도,부천시소사구,경기도 부천시소사구 소사본동 68-5
563,소사3점,경기도,부천시소사구,"경기도 부천시소사구 소사로160번길 26-2, 1층일부(소사본동)"
564,소양로점,강원도,춘천시,강원도 춘천시 중앙로 126번지(소양로4가)
565,소촌점,광주광역시,광산구,광주광역시 광산구 소촌동 610 서라@상가105
566,속리산점,충청북도,보은군,충청북도 보은군 속리산면 사내리 281-1
567,송강그린점,대전광역시,유성구,대전광역시 유성구 송강동 208-7
568,송강마을점,대전광역시,유성구,대전광역시 유성구 구즉로58번길 12(송강동)
569,송내1점,경기도,부천시소사구,"경기도 부천시소사구 경인로134번길 72, 202호(송내동,단지내상가2층)"
570,송내점,경기도,동두천시,경기도 동두천시 중앙로 126 생연프라자 101호
571,송도럭키점,인천광역시,연수구,인천광역시 연수구 옥련동 626 럭키아파트 일반상가 103호
572,송도신도시점,인천광역시,연수구,"인천광역시 연수구 해돋이로6번길 33, 한진해모로상가 105호"
573,송도점,인천광역시,연수구,인천광역시 연수구 비류대로 216 1층4호
574,송림점,인천광역시,동구,인천광역시 동구 송림동 55-227 1층
575,송산점,충청남도,당진시,충청남도 당진시 송산면 유곡리 355-36
576,송악점,충청남도,아산시,충청남도 아산시 송악면 외암리 595-104
577,송월점,인천광역시,중구,인천광역시 중구 송월동1가 11-128
578,송정점,강원도,동해시,"강원도 동해시 동해항2길 5, 7/2(송정동)"
579,송지호점,강원도,고성군,강원도 고성군 죽왕면 동해대로 5902
580,송천점,전라북도,전주시덕진구,전라북도 전주시덕진구 솔내로 111(송천동1가)
581,송촌점,대전광역시,대덕구,대전광역시 대덕구 송촌동 222-12
582,송파한양점,서울특별시,송파구,서울특별시 송파구 송파동 122-3
583,송현점,대구광역시,달서구,대구광역시 달서구 송현동 798-23
584,수곡동점,충청북도,청주시서원구,충청북도 청주시서원구 수곡동80-20 (청남로 2092-1)
585,수리산역점,경기도,군포시,"경기도 군포시 번영로 403, 211(산본동, 가야주공)"
586,수림점,인천광역시,남동구,인천광역시 남동구 주안로237번길 1
587,수서점,서울특별시,강남구,"서울특별시 강남구 광평로51길 49, 수서주공아파트상가112"
588,수성점,대구광역시,수성구,대구광역시 수성구 수성동1가 82-2
589,수안보점,충청북도,충주시,충청북도 충주시 수안보면 장터2길 20-7
590,수완점,광주광역시,광산구,광주광역시 광산구 신가동 1101
591,수원지사,,, 
592,수유점,서울특별시,강북구,서울특별시 강북구 수유동 252-28
593,수지점,경기도,용인시수지구,경기도 용인시수지구 풍덕천로 188-1(풍덕천동)
594,순흥점,경상북도,영주시,경상북도 영주시 순흥면 읍내리 315-1
595,시화3점,경기도,시흥시,"경기도 시흥시 정왕2동 57-3, 한일상가 109호"
596,시화5점,경기도,시흥시,경기도 시흥시 역전로 427 세종상가 104
597,시화6점,경기도,시흥시,경기도 시흥시 정왕동 1847 청솔아파트 상가 104호
598,시화7점,경기도,시흥시,"경기도 시흥시 정왕4동 정왕신길로49번길 37,109(서해APT상가)"
599,시화8점,경기도,시흥시,경기도 시흥시 정왕동 정왕대로266번길 6 금강아파트 상가 108호
600,시화지구점,경기도,시흥시,경기도 시흥시 봉우재로 13(정왕동)
601,시흥공구점,서울특별시,금천구,서울특별시 금천구 시흥동 941-1
602,시흥사거리점,서울특별시,금천구,서울특별시 금천구 시흥1동 995-10 1층
603,신갈점,경기도,용인시기흥구,경기도 용인시기흥구 신갈동 28-9
604,신계점,충청남도,천안시동남구,충청남도 천안시동남구 목천읍 충철로 874 협성엠파이어아파트 상가 106~107호
605,신곡점,경기도,의정부시,경기도 의정부시 시민로 240
606,신공덕점,서울특별시,마포구,"서울특별시 마포구 만리재옛길 20(신공덕동, 1층)"
607,신공항점,인천광역시,중구,"인천광역시 중구 영종대로27번길 39 상가-103(운서동, 창보밀레시티)"
608,신관점,충청남도,공주시,충청남도 공주시 신관동 177-1
609,신관초교점,충청남도,공주시,충청남도 공주시 신관동 319-7 신관초교 후문앞
610,신구로점,서울특별시,구로구,"서울특별시 구로구 구로중앙로28다길 21, 1층101호(구로동)"
611,신길2점,서울특별시,영등포구,서울특별시 영등포구 신길동 451-1
612,신내동점,서울특별시,중랑구,"서울특별시 중랑구 봉화산로 236(신내동, 102호)"
613,신대방역점,서울특별시,관악구,서울특별시 관악구 신림동 542-17
614,신대점,대전광역시,대덕구,대전광역시 대덕구 신대동 216번지
615,신도림점,서울특별시,구로구,서울특별시 구로구 신도림로11다길 23(신도림동)
616,신둔점,경기도,이천시,경기도 이천시 신둔면 경춘대로 3155
617,신례원점,충청남도,예산군,충청남도 예산군 예산읍 창말로 8
618,신림2점,서울특별시,관악구,서울특별시 관악구 신림동 251-461
619,신림3점,서울특별시,관악구,서울특별시 관악구 신림동 1641-26 지상2층 일부
620,신림점(원주),강원도,원주시,강원도 원주시 신림면 신림황둔로 4
621,신매점,대구광역시,수성구,대구광역시 수성구 신매동 599-15
622,신반점,경상남도,의령군,경상남도 의령군 부림면 신번로 164
623,신부대림점,충청남도,천안시동남구,충청남도 천안시동남구 터미널9길 6(신부동)
624,신부점,충청남도,천안시동남구,충청남도 천안시동남구 터미널7길 26
625,신사동점,서울특별시,은평구,서울특별시 은평구 갈현로3길 33-8.1층
626,신선점,부산광역시,영도구,부산광역시 영도구 하나길 614
627,신설동점,서울특별시,종로구,서울특별시 종로구 숭인2동 699
628,신성점,대전광역시,유성구,대전광역시 유성구 신선로 72번길 30
629,신수동점,서울특별시,마포구,"서울특별시 마포구 토정로 240, 1-1(신수동, 상가)"
630,신수리점,강원도,철원군,강원도 철원군 서면 자등로 593
631,신시가지점,제주특별자치도,서귀포시,제주특별자치도 서귀포시 김정문화로 66(법환동)
632,신양점,충청남도,예산군,충청남도 예산군 신양면 청신로 364
633,신영통점,경기도,수원시영통구,경기도 수원시영통구 영통로90번길 4-9(망포동485-3)
634,신원당점,경기도,고양시덕양구,경기도 고양시덕양구 고양대로1384 19-23 동문상가 1층 
635,신월4점,서울특별시,양천구,서울특별시 양천구 신월4동 447-4
636,신월7점,서울특별시,양천구,서울특별시 양천구 신월7동 952-1 대지상가 105
637,신장동점,경기도,하남시,경기도 하남시 신장1동 443-21
638,신정1점,서울특별시,양천구,"서울특별시 양천구 중앙로32길 55, 1층 101호 (신정동)"
639,신정2점,서울특별시,양천구,"서울특별시 양천구 신목로2길 11, 1층 103호 (신정동,청구아파트상가)"
640,신제주점,제주특별자치도,제주시,제주특별자치도 제주시 신대로 124(연동)
641,신창부영점,광주광역시,광산구,광주광역시 광산구 신창동 1270번지 부영@2차 상가 2-106
642,신창점,충청남도,아산시,충청남도 아산시 신창면 서부남로 868
643,신천은행점,경기도,시흥시,경기도 시흥시 신천동 781-22
644,신천점,대구광역시,동구,대구광역시 동구 신천동 279-17
645,신탄1덕암점,대전광역시,대덕구,대전광역시 대덕구 평촌동 535-1 덕암연립상가2동 1층 1호~2호
646,신탄3점,대전광역시,대덕구,대전광역시 대덕구 신탄진동 18-8
647,신태인점,전라북도,정읍시,전라북도 정읍시 신태인중앙로 7
648,신풍시장점,서울특별시,영등포구,서울특별시 영등포구 신길3동 325-96
649,신항점,충청남도,태안군,충청남도 태안군 근흥면 신진도리 527-8
650,신현리점,경기도,광주시,경기도 광주시 오포읍 새말길 94
651,신현점,인천광역시,서구,인천광역시 서구 원창로239번길 4(가정동)
652,신흥2점,경기도,성남시수정구,"경기도 성남시수정구 수정로220번길 5, 1층(신흥동)"
653,심곡5점,경기도,부천시원미구,경기도 부천시원미구 부흥로373번길 44
654,심곡본1점,경기도,부천시소사구,"경기도 부천시소사구 성주로 159(심곡본동,1층)"
655,심곡점,인천광역시,서구,인천광역시 서구 심곡로 170 상가동 1층 103호
656,십정2점,인천광역시,부평구,인천광역시 부평구 이규보로95번길 14
657,십정점,인천광역시,부평구,"인천광역시 부평구 배곶남로21번길 1, 1층"
658,쌍문동점,서울특별시,도봉구,서울특별시 도봉구 쌍문동 56 삼익A 상가 107
659,쌍촌시영점,광주광역시,서구,광주광역시 서구 쌍촌로 37
660,아동점,경기도,파주시,경기도 파주시 정담길 5(아동동)
661,아라점,제주특별자치도,제주시,제주특별자치도 제주시 아라동 아라주공 아파트 상가 106호
662,아중점,전라북도,전주시덕진구,전라북도 전주시덕진구 인후동1가 888-7
663,안강점,경상북도,경주시,경상북도 경주시 안강읍 비화원로 117
664,안녕송산점,경기도,화성시,경기도 화성시 안녕동 37-1
665,안면점,충청남도,태안군,충청남도 태안군 안면읍 장터로 114
666,안산3점,경기도,안산시단원구,경기도 안산시단원구 예술대학로 107 상가104호
667,안산상록수점,경기도,안산시상록구,경기도 안산시상록구 본삼로 17 1층 103호
668,안산이동점,경기도,안산시상록구,"경기도 안산시상록구 도매시장로 34-1, 102호"
669,안산일동점,경기도,안산시상록구,경기도 안산시상록구 호동로 81(일동)
670,안산효자점,경기도,안산시단원구,경기도 안산시단원구 선부광장서로1길 15 효자상가103호
671,안서점,충청남도,천안시동남구,충청남도 천안시동남구 안서동 중암1길 17
672,안성2점,경기도,안성시,경기도 안성시 신건지동 1-2
673,안양5동점,경기도,안양시만안구,경기도 안양시만안구 안양동 388-12
674,안의점,경상남도,함양군,경상남도 함양군 안의면 금천리 203-4
675,안정리점,경기도,평택시,"경기도 평택시 팽성읍 안정쇼핑로 77-2, 12"
676,안중점,경기도,평택시,경기도 평택시 안중읍 안현로서7길 16
677,안흥점,강원도,횡성군,강원도 횡성군 안흥면 안흥로 30-1
678,암사역점,서울특별시,강동구,서울특별시 강동구 암사1동 501-25
679,앙성점,충청북도,충주시,충청북도 충주시 앙성면 가곡로 1033-1
680,애월점,제주특별자치도,제주시,제주특별자치도 제주시 애월읍 애월리 1717-6
681,야탑점,경기도,성남시분당구,"경기도 성남시분당구 야탑로139번길 18-3 (야탑동,1층)"
682,약대점,경기도,부천시오정구,경기도 부천시오정구 삼정동 318-5 1층
683,약목점,경상북도,칠곡군,경상북도 칠곡군 약목면 약목로 94-2(2층 건물내 1층)
684,약수역점,서울특별시,중구,서울특별시 중구 신당동 321-1 1층
685,양곡1점,경기도,김포시,경기도 김포시 양촌읍 양곡2로60번길 53 101호
686,양덕원점,강원도,홍천군,강원도 홍천군 남면 시동로 4
687,양동점,경기도,양평군,경기도 양평군 양동면 양동시장길 6-5
688,양문점,경기도,포천시,경기도 포천시 영중면 양문로 98-1
689,양벌점,경기도,광주시,경기도 광주시 오포읍 양벌로 190
690,양성점,경기도,안성시,경기도 안성시 양성면 읍내길 26
691,양수리점,경기도,양평군,경기도 양평군 양서면 양수로150번길 9-2
692,양재점,서울특별시,서초구,서울특별시 서초구 양재동 8-71 광성빌딜 1층
693,양정염포점,울산광역시,북구,울산광역시 북구 염포로 591-1(양정동)
694,양평동부점,경기도,양평군,경기도 양평군 양평읍 시민로 30
695,양평옥천점,경기도,양평군,"경기도 양평군 옥천면 북부길9번길, 5"
696,양평용문점,경기도,양평군,경기도 양평군 용문면 용문로 359
697,양평점,경기도,양평군,경기도 양평군 양평읍 중앙로167번길62
698,어양점,전라북도,익산시,전라북도 익산시 고봉로18길 107(어양동)
699,언양점,울산광역시,울주군,울산광역시 울주군 언양읍 읍성로 40
700,엄사금암점,충청남도,계룡시,충청남도 계룡시 엄사면 번영2길 4-41 101
701,엄정점,충청북도,충주시,충청북도 충주시 엄정면 내창로 205
702,여월점,경기도,부천시오정구,경기도 부천시오정구 여월동 52-4 1층
703,여의도점,서울특별시,영등포구,"서울특별시 영등포구 여의나루로 117, 109(여의도동)"
704,여주점,경기도,여주군,경기도 여주군 여주읍 여흥로 97
705,역곡1점,경기도,부천시원미구,경기도 부천시원미구 역곡로 61 (역곡동)
706,역북점,경기도,용인시처인구,경기도 용인시처인구 역북동 중부대로1299번길 12 
707,역삼동점,서울특별시,강남구,"서울특별시 강남구 논현로63길 16, 1층116호(역삼동,역삼종합시장더블루)"
708,연남동점,서울특별시,마포구,서울특별시 마포구 연남로 41(연남동)
709,연동점,제주특별자치도,제주시,제주특별자치도 제주시 연동 251-23
710,연무대점,충청남도,논산시,충청남도 논산시 연무읍 안심로 127
711,연봉점,강원도,홍천군,강원도 홍천군 홍천읍 무궁화로 88
712,연성점,경기도,시흥시,"경기도 시흥시 인선길 100, 107호(장곡동, 연성프라자)"
713,연수3점,인천광역시,연수구,인천광역시 연수구 연수동 540 문남상가 107호
714,연수5점,인천광역시,연수구,"인천광역시 연수구 먼우금로 126, 107호(동춘동, 대림현대)"
715,연수6점,인천광역시,연수구,"인천광역시 연수구 샘말로 106-7(연수동, 1층 일부)"
716,연수동점,충청북도,충주시,충청북도 충주시 연원로 28(연수동)
717,연수주공점,인천광역시,연수구,인천광역시 연수구 연수동 533 연수상가 103호
718,연안점,인천광역시,중구,인천광역시 중구 항동7가 27-35
719,연지점,경기도,안성시,경기도 안성시 연지동 16-1
720,연천점,경기도,연천군,경기도 연천군 연천읍 연천로 262
721,연풍점,경기도,파주시,경기도 파주시 파주읍 술이홀로 449
722,연풍점(충북),충청북도,괴산군,충청북도 괴산군 연풍면 향교로 28
723,염창동점,서울특별시,강서구,서울특별시 강서구 공항대로65길 51. 1층(염창동)
724,영광점,전라남도,영광군,전라남도 영광군 영광읍 남천리 312-2
725,영덕점,경상북도,영덕군,경상북도 영덕군 영덕읍 중앙길 120-3
726,영동아파트점,서울특별시,강남구,"서울특별시 강남구 역삼로64길 11, 1층(대치동)"
727,영등포점,서울특별시,영등포구,서울특별시 영등포구 당산동3가 27
728,영오점,경상남도,고성군,경상남도 고성군 영오면 영회로 514
729,영운동점,충청북도,청주시상당구,충청북도 청주시상당구 영운로 34-1(영운동)
730,영월삼호점,강원도,영월군,강원도 영월군 영월읍 단종로 88
731,영월점,강원도,영월군,강원도 영월군 영월읍 하송안길 114
732,영주지사,,, 
733,영천시장점,서울특별시,서대문구,서울특별시 서대문구 천연동 1 냉천동 190
734,영통2점,경기도,수원시영통구,경기도 수원시영통구 영통동 955-1 황골마을1단지 상가-106
735,영해점,경상북도,영덕군,경상북도 영덕군 영해면 성내리 470-31
736,예산1점,충청남도,예산군,충청남도 예산군 예산읍 예산리 천변로 179
737,예산2점,충청남도,예산군,충청남도 예산군 예산읍 주교리 225-9
738,예천점,경상북도,예천군,경상북도 예천군 예천읍 남본리 222-2번지
739,오남리점,경기도,남양주시,경기도 남양주시 오남읍 진건오남로 626
740,오류1점,서울특별시,구로구,서울특별시 구로구 고척로1길 5 (오류동)
741,오목천점,경기도,수원시권선구,경기도 수원시권선구 오목천동 500-1
742,오산1점,경기도,오산시,경기도 오산시 오산로 190번길 24
743,오산2점,경기도,오산시,경기도 오산시 원동 761-2
744,오성점,경기도,평택시,경기도 평택시 오성면 숙성리 137-7
745,오정점,경기도,부천시오정구,경기도 부천시오정구 오정동 573-6
746,오크밸리점,강원도,원주시,강원도 원주시    
747,오포점,경기도,광주시,경기도 광주시 오포읍 오포로 865
748,오학점,경기도,여주군,경기도 여주군 여주읍 현암2길28-11
749,옥계점(대전),대전광역시,중구,대전광역시 중구 대종로 59(옥계동)
750,옥산점,경상북도,경산시,경상북도 경산시 성암로 10길 2-12(옥산동)
751,옥수동점,서울특별시,성동구,"서울특별시 성동구 독서당로39길 48, 1층 (옥수동)"
752,옥정점,경기도,양주시,"경기도 양주시 옥정동로 162, 율정동율정마을13단지상가"
753,옥천점(충북),충청북도,옥천군,충청북도 옥천군 옥천읍 금구리 24-6
754,옥포1점,경상남도,거제시,경상남도 거제시 옥포로 280
755,온산점,울산광역시,울주군,울산광역시 울주군 온산읍 덕신리 480-1
756,온수리점,인천광역시,강화군,인천광역시 강화군 길상면 온수리 547-1
757,온양1점,충청남도,아산시,충청남도 아산시 충무로 20번길 20
758,온양3점,충청남도,아산시,충청남도 아산시 모종동 561-12
759,와룡점,대구광역시,달서구,"대구광역시 달서구 이곡동로 32, 403-106(이곡동,성서와룡타운)"
760,와수리점,강원도,철원군,강원도 철원군 서면 와수리 168-1
761,왕십리점,서울특별시,성동구,서울특별시 성동구 하왕십리2동 955-11
762,왜관점,경상북도,칠곡군,경상북도 칠곡군 왜관읍 구상길 180 삼성A104
763,외동점,경상남도,김해시,경상남도 김해시 외동 1214-2
764,요선동점,강원도,춘천시,강원도 춘천시 요선동 서부대성로48번길 24
765,용강점,경상북도,경주시,경상북도 경주시 승삼1길 6-10
766,용궁점,경상북도,예천군,경상북도 예천군 용궁면 용궁로 117-2
767,용산점,대구광역시,달서구,대구광역시 달서구 용산동 954-11
768,용운점,대전광역시,동구,대전광역시 동구 용운동 307-11
769,용원점,경상남도,창원시진해구,경상남도 창원시진해구 용원동 용재로29번길 5-17
770,용인구성점,경기도,용인시기흥구,경기도 용인시기흥구 구성로 176(언남동)
771,용전점,대전광역시,동구,"대전광역시 동구 계족로 481(용전동, 1층)"
772,용현1호점,인천광역시,남구,인천광역시 남구 인하로91번길 20
773,용현2호점,인천광역시,남구,인천광역시 남구 낙섬중로 11(용현동)
774,용현점,경기도,의정부시,"경기도 의정부시 충의로57번길 7-3(용현동, 1층)"
775,용호2점,부산광역시,남구,부산광역시 남구 용호동 529-1
776,용호점,부산광역시,남구,"부산광역시 남구 용호로42번길 104(용호동,1층)"
777,용화점,충청남도,아산시,"충청남도 아산시 용화동 694, 101호"
778,우만.지동점,경기도,수원시팔달구,경기도 수원시팔달구 우만동 469-15  1층
779,우면동점,서울특별시,서초구,"서울특별시 서초구 바우뫼로7길 11, 1층 106호(우면동,우면아파트상가)"
780,우성점,충청남도,천안시서북구,충청남도 천안시서북구 직산읍 자은가리1길 68  
781,우암점,충청북도,청주시상당구,충청북도 청주시상당구 향군로 20(우암점)
782,우천점,강원도,횡성군,강원도 횡성군 우천면 수남로 333
783,운남삼성점,광주광역시,광산구,광주광역시 광산구 운남동 387-22번지 삼성@ 상가 127호
784,운정1점,경기도,파주시,"경기도 파주시 미래로 603, 상가동 203호(목동동)"
785,운정2점,경기도,파주시,경기도 파주시 교하읍 동패로 115 상가동116호
786,운천점,경기도,포천시,경기도 포천시 영북면 운천로 10
787,운천한화점,경기도,포천시,경기도 포천시 영북면 산정리 454-4
788,울산신정1점,울산광역시,남구,울산광역시 남구 신정동 521-19
789,원곡동점,경기도,안산시단원구,"경기도 안산시단원구 화랑로 92, 101(원곡동, 복원연립가동)"
790,원남점,경상북도,울진군,경상북도 울진군 매화면 매화리 1165-17
791,원동일산점,강원도,원주시,"강원도 원주시 무실로 96, 1층 (일산동)"
792,원미1점,경기도,부천시원미구,경기도 부천시원미구 원미로 89-1(원미동)
793,원북점,충청남도,태안군,충청남도 태안군 원북면 원이로 837
794,원앙마을점,충청남도,천안시동남구,충청남도 천안시동남구 목천읍 삼성리 9-9 부영A상가 110
795,원종3점,경기도,부천시오정구,경기도 부천시오정구 원종동 206-3
796,원주역전점,강원도,원주시,강원도 원주시 원일로 208(학성동)
797,원주지사,테스트,테스트구,테스트 테스트구 테스트점 23-123
798,원천점,경기도,수원시영통구,경기도 수원시영통구 매탄2동 동탄원천로1109번길 42 원천성일아파트상가동 103호
799,원천주공점,경기도,수원시영통구,경기도 수원시영통구 원천동 548 원천주공 상가 103호
800,원통점,강원도,인제군,강원도 인제군 북면 금강로 46
801,원호점,경상북도,구미시,경상북도 구미시 도량동 687-7
802,월계동점,서울특별시,노원구,서울특별시 노원구 광운로2나길 11
803,월계삼호점,서울특별시,노원구,서울특별시 노원구 월계3동 12-1 삼호4차 상가
804,월곡2점,서울특별시,성북구,서울특별시 성북구 하월곡2동 37-18
805,월봉점,충청남도,천안시서북구,충청남도 천안시서북구 쌍용동 월봉로 79
806,월산부영점,충청남도,홍성군,충청남도 홍성군 홍성읍 월산로30번길 6
807,월평점,대전광역시,서구,대전광역시 서구 월평동 1154
808,월피주공점,경기도,안산시상록구,경기도 안산시상록구 월피동 446-2 주공상가 107호
809,위례신도시점,경기도,성남시수정구,"경기도 성남시수정구 위례서일로3길 31, 101호(창곡동)"
810,위미점,제주특별자치도,서귀포시,제주특별자치도 서귀포시 남원읍 위미리 1759-2
811,유구점,충청남도,공주시,충청남도 공주시 유구읍 중앙1길 88
812,유성1점,대전광역시,유성구,"대전광역시 유성구 구암동 610-1, 103"
813,유성2점,대전광역시,유성구,대전광역시 유성구 장대동 269-8
814,유원지점,경기도,안양시만안구,경기도 안양시만안구 안양동 41-1
815,유천2체인,대전광역시,중구,대전광역시 중구 유천동 127-7
816,유천점,대전광역시,중구,대전광역시 중구 유천동 285-19
817,율도점,인천광역시,서구,인천광역시 서구 신현동 173-35
818,율량점,충청북도,청주시상당구,충청북도 청주시상당구 율봉로152번길 18(율량동)
819,율암온천점,경기도,화성시,경기도 화성시 팔탄면 율암리 842-40
820,율하점,대구광역시,동구,대구광역시 동구 율하동로12길 12(율하동)
821,으뜸점,광주광역시,서구,광주광역시 서구 치평동 1168번지 해광한신@ 상가 113호
822,은빛점,경기도,고양시덕양구,경기도 고양시덕양구 화중로130번길 5-19
823,은평구청점,서울특별시,은평구,서울특별시 은평구 은평로 200(응암동)
824,은행나무점,서울특별시,금천구,서울특별시 금천구 탑골로 17
825,은행점,경기도,성남시중원구,경기도 성남시중원구 은행동 산성대로582번길 14 (아이아빌딩1층)
826,은행택지점,경기도,시흥시,"경기도 시흥시 은행로 107 상가-1202(은행동, 대우3차)"
827,음봉점,충청남도,아산시,충청남도 아산시 음봉면 산동안길 10
828,음성점,충청북도,음성군,충청북도 음성군 음성읍 문화길 6
829,응암1점,서울특별시,은평구,서울특별시 은평구 응암동 124-17
830,의당.신한점,충청남도,공주시,충청남도 공주시 의당면 연수원길 115-2 102호
831,의정부지사,,, 
832,이대점,서울특별시,마포구,서울특별시 마포구 염리동 9-32
833,이도점,제주특별자치도,제주시,"제주특별자치도 제주시 도남로15길 4-12, 101(도남동)"
834,이동점,경기도,포천시,경기도 포천시 이동면 화동로 2105
835,이매점,경기도,성남시분당구,경기도 성남시분당구 이매로 54 이매촌분산상가 101호
836,이수점,충청남도,천안시서북구,충청남도 천안시서북구 백석동 433-3
837,이원점,충청북도,옥천군,충청북도 옥천군 이원면 강청리 82-6
838,이월점,충청북도,진천군,충청북도 진천군 이월면 진광로 789-1
839,이주단지점,충청남도,당진군,충청남도 당진군 송악읍 신복운로6길 7(1층)
840,이천중앙점,경기도,이천시,경기도 이천시 서희로 37(중리동)
841,이천현대점,경기도,이천시,"경기도 이천시 부발읍 경충대로2110번길, 14"
842,이충점,경기도,평택시,경기도 평택시 이충동 680번지
843,이화동점,서울특별시,종로구,서울특별시 종로구 대학로 52(연건동)
844,인계점,경기도,수원시팔달구,경기도 수원시팔달구 인계동 163번지
845,인덕원점,경기도,안양시동안구,"경기도 안양시동안구 흥안대로517번 49, 1층(관양동)"
846,인동점(대전),대전광역시,동구,대전광역시 동구 인동 147-7
847,인월점,전라북도,남원시,전라북도 남원시 인월면 인월리 249-16
848,인제점,강원도,인제군,강원도 인제군 인제읍 비봉로 3
849,인제현리점,강원도,인제군,강원도 인제군 기린면 기린로 19
850,인창점,경기도,구리시,경기도 구리시 동구릉로 32
851,인천남부점,인천광역시,남동구,"인천광역시 남동구 성리로35번길 20-1(구월동, 1층)"
852,인천남촌점,인천광역시,남동구,인천광역시 남동구 남촌동로 52-1
853,인천지사,,, 
854,일도점,제주특별자치도,제주시,제주특별자치도 제주시 천수로 25-1
855,일동점,경기도,포천시,경기도 포천시 일동면 회동로 1073
856,일신점,인천광역시,부평구,인천광역시 부평구 일신로 11
857,임계점,강원도,정선군,강원도 정선군 임계면 송계5길 5
858,임광점,경기도,수원시영통구,경기도 수원시영통구 매탄3동 1180-4
859,임은점,경상북도,구미시,경상북도 구미시 임은길 50
860,자양1점,서울특별시,광진구,"서울특별시 광진구 자양로13다길 47(자양동, 1층)"
861,자양3점,서울특별시,광진구,서울특별시 광진구 뚝섬로 693
862,자양점,대전광역시,동구,대전광역시 동구 자양동 190-36
863,자유점,강원도,원주시,"강원도 원주시 자유시장길 7, 22-3(중앙동)"
864,작전1점,인천광역시,계양구,"인천광역시 계양구 주부토로 468(작전동, 상가동1층6호)"
865,작전2점,인천광역시,계양구,인천광역시 계양구 작전2동 853-26
866,작전3점,인천광역시,계양구,인천광역시 계양구 효성동 197-19
867,작전현대점,인천광역시,계양구,인천광역시 계양구 작전동 580-1 현대아파트상가 1층
868,잠실새마을점,서울특별시,송파구,"서울특별시 송파구 백제고분로7길 39, 1층 106호(잠실동,고려빌딩)"
869,장계점,전라북도,장수군,전라북도 장수군 장계면 한들로 81
870,장기2점,경기도,김포시,경기도 김포시 김포한강1로 97번길 10-14 102호(장기동)
871,장기월드점,경기도,김포시,"경기도 김포시 전원로 32, 116호(장기동, 월드상가)"
872,장락고암점,충청북도,제천시,충청북도 제천시 신죽하로 83-24(장락동)
873,장량점,경상북도,포항시북구,경상북도 포항시북구 장량로87번길 6-15
874,장림1점,부산광역시,사하구,부산광역시 사하구 장림동 641-180
875,장미점,서울특별시,송파구,서울특별시 송파구 신천동 7 장미 B-202
876,장성점,강원도,태백시,강원도 태백시 장성시장1길 3(장성동)
877,장수점,경상북도,영주시,경상북도 영주시 장수면 장수로 48
878,장암주공점,경기도,의정부시,"경기도 의정부시 회룡로 223, (신곡동,장암주공5단지 상가103)"
879,장양리점,강원도,원주시,강원도 원주시 소초면 장막1길 7
880,장위동점,서울특별시,성북구,서울특별시 성북구 장월로 90
881,장유2점,경상남도,김해시,경상남도 김해시 대청동 291-1 
882,장유점,경상남도,김해시,경상남도 김해시 무계동 278
883,장평점,경상남도,거제시,"경상남도 거제시 장평3로7길 58(장평동, 1층)"
884,장항점,충청남도,서천군,충청남도 서천군 장항읍 장항로 125-1
885,장현점,경기도,남양주시,"경기도 남양주시 진접읍 봉현로36번길, 2"
886,장호원점,경기도,이천시,경기도 이천시 장호원읍 샘재로147번길 26
887,장흥관산점,전라남도,장흥군,전라남도 장흥군 관산읍 관산로 119-1
888,장흥점,전라남도,장흥군,전라남도 장흥군 장흥읍 동교3길 8
889,적성점,경기도,파주시,경기도 파주시 적성면 청송로 1020
890,전남금산점,전라남도,고흥군,전라남도 고흥군 금산면 대흥리 360-20
891,전대리점,경기도,용인시처인구,"경기도 용인시처인구 포곡읍 전대로78번길, 1-3"
892,전대점,광주광역시,북구,"광주광역시 북구 서양로41번길 8, 1층(중흥동)"
893,전민점,대전광역시,유성구,"대전광역시 유성구 전민로10번길 49(전민동, 1층)"
894,전북지사,,, 
895,전의점,세종특별자치시,,세종특별자치시   전의면 운주산로 1205
896,전하점,울산광역시,동구,울산광역시 동구 전하동 618-8
897,점동점,경기도,여주군,경기도 여주군 점동면 청안로 134
898,점촌점,경상북도,문경시,경상북도 문경시 점촌동 127-26
899,정남점,경기도,화성시,경기도 화성시 정남면 괘량리 1048-3
900,정릉4동점,서울특별시,성북구,서울특별시 성북구 정릉동 372-47
901,정릉점,서울특별시,성북구,서울특별시 성북구 돈암동 43-6
902,정림점,대전광역시,서구,대전광역시 서구 정림동 666번지
903,정산점,충청남도,청양군,충청남도 청양군 정산면 서정리 168
904,정선점,강원도,정선군,강원도 정선군 정선읍 정선로 1352
905,정자점(분당),경기도,성남시분당구,"경기도 성남시분당구 황새울로116번 28, 1층(정자동)"
906,정자점(수원),경기도,수원시장안구,"경기도 수원시장안구 장안로 183, 연꽃마을 벽산아파트 상가동 105호"
907,제물포점,인천광역시,남구,인천광역시 남구 장천로112번길 10 1층
908,제부도점,경기도,화성시,경기도 화성시 서신면 제부리 190-125
909,제주동문점,제주특별자치도,제주시,제주특별자치도 제주시 일도1동 1084-13
910,제주지사,,, 
911,제천역전점,충청북도,제천시,충청북도 제천시 내토로 435-1
912,조암점,경기도,화성시,경기도 화성시 우정읍 조암서로22번길 21
913,조양동점,강원도,속초시,강원도 속초시 동해대로 3998(조양동)
914,조원점,경기도,수원시장안구,경기도 수원시장안구 송정로187번길 49
915,조원주공점,경기도,수원시장안구,경기도 수원시장안구 금당로39번길 34 주공APT2단지상가1/2 101
916,조천점,제주특별자치도,제주시,제주특별자치도 제주시 조천읍  조천리 2589
917,조치원2점,세종특별자치시,,세종특별자치시   조치원읍 조치원로 52
918,조치원3점,세종특별자치시,,세종특별자치시   조치원읍 충현로 159 욱일@상가B07호
919,종로낙원점,서울특별시,종로구,서울특별시 종로구 낙원동 49
920,주공1점,경기도,평택시,경기도 평택시 평택2로 108 (비전동)
921,주덕점,충청북도,충주시,충청북도 충주시 주덕읍 쌀전길 4
922,주문진점,강원도,강릉시,강원도 강릉시 주문진읍 주문로 117
923,주안1점,인천광역시,남구,인천광역시 남구 주안동 1523-5
924,주안2동점,인천광역시,남구,인천광역시 남구 주안2동 551-26
925,주안점,인천광역시,남구,"인천광역시 남구 석정로 399, 106호"
926,주원점,인천광역시,남구,인천광역시 남구 주안동 1593-34
927,주천점,강원도,영월군,강원도 영월군 주천로84번길 14
928,죽림점,경상남도,통영시,"경상남도 통영시 광도면 죽림1로 17-37, 102호(용문빌딩1층)"
929,죽변점,경상북도,울진군,경상북도 울진군 죽변면 죽변리 427-1
930,죽산점,경기도,안성시,경기도 안성시 죽산면 중서길 1
931,죽전점,경기도,용인시수지구,경기도 용인시수지구 대지로 62 104(죽전동)
932,죽정점,충청남도,보령시,충청남도 보령시 죽정동 646-9
933,중곡1점,서울특별시,광진구,"서울특별시 광진구 용마산로7길 20(중곡동, 1층)"
934,중곡2점,서울특별시,광진구,서울특별시 광진구 중곡동 199-27
935,중동1점,경기도,부천시원미구,경기도 부천시원미구 중동 805-2 중앙 103호
936,중동동성점,경기도,부천시원미구,"경기도 부천시원미구 조마루로 233, 상가동1층121호(중동, 미리내마을)"
937,중리점(대구),대구광역시,서구,대구광역시 서구 국채보상로38길 57-1
938,중리점(대전),대전광역시,대덕구,대전광역시 대덕구 중리남로 20
939,중마점,전라남도,광양시,전라남도 광양시 중동 1681번지 태영@ 상가 106호
940,중문점,제주특별자치도,서귀포시,제주특별자치도 서귀포시 중문동 천제연로185번길 1-3
941,중산점,경기도,고양시일산동구,경기도 고양시일산동구 탄중로 416 상가 109
942,중앙점(경주),경상북도,경주시,경상북도 경주시 노동동 236-1
943,중촌점,대전광역시,중구,대전광역시 중구 목동 목중로39번길 21
944,중탑점,경기도,성남시분당구,경기도 성남시분당구 양현로 539. 매화근린상가1층 104
945,중화산동점,전라북도,전주시완산구,"전라북도 전주시완산구 따박골2길 3(중화산동2가, 1층)"
946,중흥리점,충청남도,당진군,충청남도 당진군 송악면 송악로 685
947,중흥설악점,경기도,부천시원미구,경기도 부천시원미구 중동 1052 중흥주공상가 204
948,증산동점,서울특별시,은평구,서울특별시 은평구 증산동 159-14
949,지경리점,강원도,철원군,강원도 철원군 김화읍 청양로84
950,지곡점,충청남도,서산시,충청남도 서산시 지곡면 무장리 920 오스카빌 103
951,지리산온천점,전라남도,구례군,전라남도 구례군 산동면 관산리 715-2번지
952,지사분점점,경상북도,영주시,경상북도 영주시 가흥동 530 시영상가 나동 102호
953,지원점,광주광역시,동구,광주광역시 동구 용산동 282-2번지
954,지평점,경기도,양평군,경기도 양평군 지평면 지평의병로 96
955,직산부영점,충청남도,천안시서북구,충청남도 천안시서북구 직산읍 군수1길 10 부영아파트상가 107호
956,직산점,충청남도,천안시서북구,충청남도 천안시서북구 직산읍 삼은리 76-177
957,진달래점,서울특별시,강남구,서울특별시 강남구 역삼동 779-9
958,진도점,전라남도,진도군,전라남도 진도군 진도읍 옥주길 22
959,진량점,경상북도,경산시,경상북도 경산시 진량읍 황제리 70-1 창신황제상가 203
960,진보점,경상북도,청송군,경상북도 청송군 진보면 진안리 384-4
961,진부점,강원도,평창군,강원도 평창군 진부면 진부중앙로 70
962,진우점,강원도,원주시,강원도 원주시 현충로 282(태장동)
963,진잠점,대전광역시,유성구,대전광역시 유성구 원내동 343-6
964,진주대곡점,경상남도,진주시,경상남도 진주시 대곡면 광석리 315-1
965,진주점,서울특별시,송파구,"서울특별시 송파구 올림픽로 399(신천동, 1층 108-1호)"
966,진천대곡점,대구광역시,달서구,대구광역시 달서구 상화로21길 49(진천동)
967,진천점,충청북도,진천군,"충청북도 진천군 진천읍 문화로 237-18, 101호"
968,진평점,경상북도,구미시,경상북도 구미시 인동22길 20 1층
969,진하점,울산광역시,울주군,울산광역시 울주군 서생면 깨목길 28
970,참이슬점,경기도,평택시,경기도 평택시 합정동 876-13
971,창녕점,경상남도,창녕군,경상남도 창녕군 창녕읍 명덕로 48
972,창동역점,서울특별시,도봉구,서울특별시 도봉구 창동 135-14 1층 103
973,창동점,서울특별시,도봉구,서울특별시 도봉구 덕릉로59길 28 (창동)
974,창신동점,서울특별시,종로구,"서울특별시 종로구 지봉로5길 12, 1층(창신동)"
975,창현점,경기도,남양주시,경기도 남양주시 화도읍 탕헌로 749 신명상가 108호
976,천리점,경기도,용인시처인구,경기도 용인시처인구 이동면 백옥대로 623
977,천마점,경기도,남양주시,경기도 남양주시 화도읍 멋갓로28번길 36
978,천북점,충청남도,보령시,충청남도 보령시 천북면 하궁길 2
979,천안3점,충청남도,천안시동남구,충청남도 천안시동남구 봉명동 봉정로 18
980,천안4점,충청남도,천안시동남구,충청남도 천안시동남구 오룡동 63-12
981,천안7단지점,충청남도,천안시서북구,"충청남도 천안시서북구 쌍용11길 57 109(쌍용동, 주공아파트 7단지상가)"
982,천안백석점,충청남도,천안시서북구,충청남도 천안시서북구 백석5길 23-1(백석동)
983,천안신당점,충청남도,천안시서북구,충청남도 천안시서북구 신당동 271-9
984,천안신방점,충청남도,천안시동남구,충청남도 천안시동남구 신방동 서부대로 257-8 대주피오레상가103 
985,천왕점,서울특별시,구로구,"서울특별시 구로구 천왕로 56, 상가동1층102호(천왕동,천왕이펜하우스3단지)"
986,천천2점,경기도,수원시장안구,경기도 수원시장안구 화서동 706 진흥@상가 105
987,천호점,서울특별시,강동구,"서울특별시 강동구 천중로18길 53, 1층 (천호동)"
988,철산2점,경기도,광명시,경기도 광명시 철산2동 156-1 1층
989,철산3점,경기도,광명시,"경기도 광명시 도덕공원로 21-1. 비02호(철산동,힐타운상가)"
990,청당점,충청남도,천안시동남구,"충청남도 천안시동남구 청수10길 12, 101"
991,청도점,경상북도,청도군,경상북도 청도군 청도읍 청화로 202-2
992,청라2점,인천광역시,서구,인천광역시 서구 청라루비로 144번길 6-6
993,청라점,충청남도,보령시,충청남도 보령시 청라면 당안길1
994,청량리점,서울특별시,동대문구,"서울특별시 동대문구 왕산로 247, 1층(청량리동)"
995,청룡동점,서울특별시,관악구,서울특별시 관악구 청룡동 914-3
996,청룡점(천안),충청남도,천안시동남구,충청남도 천안시동남구   구성2길 1(구성동)
997,청림점,경상북도,포항시남구,경상북도 포항시남구 청림동 588-2번지
998,청북신도시점,경기도,평택시,경기도 평택시 청북면 옥길리 1165-7
999,청북점,경기도,평택시,경기도 평택시 청북읍 신포길56
1000,청양점,충청남도,청양군,충청남도 청양군 청양읍 읍내리 203-40
1001,청일점,강원도,횡성군,강원도 횡성군 청일면 유동로 18
1002,청주용암점,충청북도,청주시상당구,충청북도 청주시상당구 무농정로3번길 36(용암동)
1003,청천2점,인천광역시,부평구,인천광역시 부평구 청천2동 11-35
1004,청풍점,충청북도,제천시,"충청북도 제천시 청풍면 청풍호로58번길, 10-16"
1005,초가점,경기도,포천시,경기도 포천시 소흘읍 검바위길 84
1006,초원점,충청남도,아산시,충청남도 아산시 좌부동 84 초원상가 103
1007,초월점,경기도,광주시,경기도 광주시 초월읍 경춘대로 1043
1008,초읍점,부산광역시,부산진구,부산광역시 부산진구 초읍동 271-4
1009,초지1점,경기도,안산시단원구,경기도 안산시단원구 초지동 734-5 한양타워 114호
1010,총신대점,서울특별시,동작구,서울특별시 동작구 사당5동 213-7
1011,추풍령점,충청북도,영동군,충청북도 영동군 추풍령면 신안로 52-1
1012,축산점,경상북도,영덕군,경상북도 영덕군 축산면 축산리 86-18
1013,춘천교대앞점,강원도,춘천시,강원도 춘천시 공지로 111 
1014,춘천명동점,강원도,춘천시,강원도 춘천시 금강로76번길 (조양동)
1015,춘천터미널점,강원도,춘천시,강원도 춘천시 공지로 458(근화동)
1016,춘천팔호광장점,강원도,춘천시,강원도 춘천시 효자로 154(효자동)
1017,춘천현대점,강원도,춘천시,강원도 춘천시 삭주로 114(후평동)
1018,충남덕산점,충청남도,예산군,충청남도 예산군 덕산면 읍내리 342-1
1019,충청지사,,, 
1020,충효점,경상북도,경주시,경상북도 경주시 충효중앙길 65(충효동)
1021,칠곡2점,대구광역시,북구,대구광역시 북구 구암동 674-4
1022,칠금점,충청북도,충주시,"충청북도 충주시 금릉로 45, 109(칠금동, 현대아파트상가동)"
1023,칠보점,경기도,수원시권선구,경기도 수원시권선구 호매실동 470-8 상가 102
1024,칠성점,대구광역시,북구,"대구광역시 북구 칠성로15길  8, 1층"
1025,침산점,대구광역시,북구,대구광역시 북구 침산동 1466-1
1026,탄방점,대전광역시,서구,대전광역시 서구 탄방동 804
1027,탄현점,경기도,고양시일산서구,경기도 고양시일산서구 탄현로 74
1028,탕정점,충청남도,아산시,충청남도 아산시 탕정면 탕정면로 230-11
1029,태백점,강원도,태백시,강원도 태백시 먹거리길 69
1030,태백주공점,강원도,태백시,강원도 태백시 감천로 28(황지동)
1031,태안점,충청남도,태안군,충청남도 태안군 태안읍 시장2길 42
1032,태장점,강원도,원주시,강원도 원주시 북원로 2696(태장동)
1033,태전동점,경기도,광주시,경기도 광주시 태전동 676
1034,태전점,대구광역시,북구,대구광역시 북구 태전동 162-30
1035,"태평1,3동점",경기도,성남시수정구,"경기도 성남시수정구 남문로 14(태평동, 1층)"
1036,"태평2,4동점",경기도,성남시수정구,"경기도 성남시수정구 남문로102번길 1(태평동, 1층)"
1037,태평2점,대전광역시,중구,대전광역시 중구 태평동 334-7
1038,태평상가점,인천광역시,계양구,"인천광역시 계양구 계산4동 1085-2, 3 태평@상가 114"
1039,테크노점(대구),대구광역시,달성군,대구광역시 달성군 유가면 봉리 608-1
1040,테크노점(아산),충청남도,아산시,충청남도 아산시 둔포면 석곡리 1520 아산테크노빌딩 102
1041,토곡점,부산광역시,연제구,부산광역시 연제구 연산동 410-2
1042,통영1점,경상남도,통영시,경상남도 통영시 북신동 32-35
1043,통영2점,경상남도,통영시,경상남도 통영시 도천동 1021-1 영생상가나동 111호
1044,퇴계동점,강원도,춘천시,"강원도 춘천시 춘주로147번길 10-14, 22/3(퇴계동)"
1045,퇴계원점,경기도,남양주시,경기도 남양주시 퇴계원면 경춘북로 520번길 4
1046,퇴계주공점,강원도,춘천시,강원도 춘천시 지석로 74-11 A13(퇴계동)
1047,퇴촌점,경기도,광주시,경기도 광주시 퇴촌면 광동로 97
1048,파동점,대구광역시,수성구,대구광역시 수성구 파동 199-22 1층
1049,파인힐(공단점),경기도,시흥시,경기도 시흥시 마유로 226 120호
1050,파장2점,경기도,수원시장안구,경기도 수원시장안구 파장동 627-4
1051,파장점,경기도,수원시장안구,경기도 수원시장안구 정자동 435-2
1052,판암2점,대전광역시,동구,대전광역시 동구 판암동 234 6단지상가 101
1053,팔탄율암점,경기도,화성시,경기도 화성시 팔탄면 시청로 761
1054,평거점,경상남도,진주시,경상남도 진주시 진양호로 187
1055,평내점,경기도,남양주시,경기도 남양주시 경춘로 1302
1056,평리점,대구광역시,서구,대구광역시 서구 평리동 618-1
1057,평원점,강원도,원주시,강원도 원주시 평원로 67(평원동)
1058,평창점,강원도,평창군,강원도 평창군 평창읍 평창중앙로 84
1059,평촌3점,경기도,안양시동안구,경기도 안양시동안구 관양동 1589-1 한가람상가 103호
1060,평촌5점,경기도,안양시동안구,"경기도 안양시동안구 동안로 6.109(호계동,무궁화진흥아파트상가)"
1061,평택1점,경기도,평택시,"경기도 평택시 중앙로 19(통복동, 2층)"
1062,평택지산점,경기도,평택시,경기도 평택시 지산동 1130
1063,포남동점,강원도,강릉시,강원도 강릉시 포남동 강릉대로527번길 15
1064,포남로얄점,강원도,강릉시,강원도 강릉시 경강로 2265(포남동)
1065,포도원점,경기도,안양시동안구,경기도 안양시동안구 호계동 859-13
1066,포승점,경기도,평택시,경기도 평택시 포승읍 석정리 1257-13 1층 3
1067,포천점,경기도,포천시,경기도 포천시 중앙로 184
1068,포항오천점,경상북도,포항시남구,"경상북도 포항시남구 오천읍 해병로337번길, 18-5"
1069,포항이동점,경상북도,포항시남구,경상북도 포항시남구 대잠동 469-3
1070,포항장성점,경상북도,포항시북구,경상북도 포항시북구 성실로 24-1
1071,포항터미널점,경상북도,포항시남구,경상북도 포항시남구 중섬로 25(대잠동)
1072,포항학산점,경상북도,포항시북구,경상북도 포항시북구 우현동 134-7 우현상가101호
1073,표선점,제주특별자치도,서귀포시,제주특별자치도 서귀포시 표선면 표선리 839-7
1074,풍기점,경상북도,영주시,경상북도 영주시 풍기읍 풍기로 49-1
1075,풍납점,서울특별시,송파구,서울특별시 송파구 풍성로 24(풍납동)
1076,풍무2점,경기도,김포시,"경기도 김포시 풍무로 51, 101(풍무동)"
1077,하남신도시점,경기도,하남시,경기도 하남시 신장2동 528 현대A 116-115
1078,하당동아점,전라남도,목포시,전라남도 목포시 신흥로45번길 2 상가112호
1079,하당부영점,전라남도,목포시,전라남도 목포시 삼향천로91번길 26(옥암동)
1080,하대원점,경기도,성남시중원구,"경기도 성남시중원구 마지로155번길 25-7(하대원동,1층)"
1081,하동점,경상남도,하동군,경상남도 하동군 하동읍 읍내리 1283-2
1082,하북점,경기도,평택시,경기도 평택시 진위면 하북4길 3
1083,하성점,경기도,김포시,경기도 김포시 하성면 애기봉로806번길 67
1084,하소동점,충청북도,제천시,충청북도 제천시 용두대로21길 9(하소동)
1085,하안1점,경기도,광명시,"경기도 광명시 안현로 19(하안동, 단지상가 111호)"
1086,하안5점,경기도,광명시,경기도 광명시 하안1동 702-2 5단지 일반상가 109
1087,하안7점,경기도,광명시,경기도 광명시 하안3동 295-1 주공7단지 종합상가 106
1088,하안9점,경기도,광명시,경기도 광명시 하안동 13-2 9단지 종합상가 101
1089,학다리점,강원도,홍천군,강원도 홍천군 홍천읍 꽃매로 120
1090,학성점,강원도,원주시,강원도 원주시 천사로 164(일산동)
1091,학익점,인천광역시,남구,인천광역시 남구 한나루로 424  1층
1092,학장점,부산광역시,사상구,부산광역시 사상구 학감대로 129
1093,학하.한밭대점,대전광역시,유성구,대전광역시 유성구 학하남로19번길 16(계산동)
1094,한대역점,경기도,안산시상록구,"경기도 안산시상록구 사동 1186-8, 101호"
1095,한림점,제주특별자치도,제주시,제주특별자치도 제주시 한림읍 한림중앙로 3-1
1096,한솔점,경기도,성남시분당구,경기도 성남시분당구 정자동 112 한솔주공5단지101호
1097,한신점,인천광역시,서구,인천광역시 서구 서곶로 12 한신종합상가 208호
1098,한아름점,경기도,부천시원미구,경기도 부천시원미구 상동 393
1099,한주점,경기도,의정부시,경기도 의정부시 평화로322번길 18(호원동)
1100,함덕점,제주특별자치도,제주시,제주특별자치도 제주시 초천읍 평사길 4-3
1101,함백점,강원도,정선군,강원도 정선군 신동읍 함백로 319
1102,함양점,경상남도,함양군,경상남도 함양군 함양읍 용평리 702-12
1103,함창점,경상북도,상주시,경상북도 상주시 함창읍 구향리 115-8
1104,함평점,전라남도,함평군,전라남도 함평군 함평읍 광남길 83
1105,합덕점,충청남도,당진군,충청남도 당진군 합덕읍 합덕시장로 176
1106,합성점,경상남도,창원시마산회원구,"경상남도 창원시마산회원구 합성동7길 23(합성동, 1층)"
1107,합정동점,서울특별시,마포구,서울특별시 마포구 포은로 52(합정동)
1108,합정점,경기도,평택시,경기도 평택시 합정동 773-1
1109,합포점,경상남도,창원시마산합포구,경상남도 창원시마산합포구 장군동4가 24-6
1110,해남점,전라남도,해남군,전라남도 해남군 해남읍 중앙1로 98
1111,해미점,충청남도,서산시,충청남도 서산시 해미면 남문5로 4
1112,해방촌점,서울특별시,용산구,서울특별시 용산구 용산동2가 1-46
1113,해운대점,부산광역시,해운대구,부산광역시 해운대구 우동 541-5 해운대비치오피스텔 101
1114,해운대좌동주공2,부산광역시,해운대구,부산광역시 해운대구 좌동순환로 118 주공2단지 분산상가 나-105
1115,행당동점,서울특별시,성동구,"서울특별시 성동구 행당로 119 (행당동,1층)"
1116,행복점,충청남도,천안시동남구,충청남도 천안시동남구 봉명동 372
1117,향남점,경기도,화성시,경기도 화성시 향남읍 행정리 445-6
1118,현대점(수원),경기도,수원시권선구,경기도 수원시권선구 권선동 983-8
1119,호계2동점,경기도,안양시동안구,"경기도 안양시동안구 귀인로110번길 22, 1층(호계동)"
1120,호계매곡점,울산광역시,북구,울산광역시 북구 호계동 255-9
1121,호성점,전라북도,전주시덕진구,전라북도 전주시덕진구 호성동 2길 9
1122,호원점,경기도,의정부시,경기도 의정부시 신흥로 119번길 54
1123,홍도점,대전광역시,동구,대전광역시 동구 홍도동 72-32
1124,홍성2점,충청남도,홍성군,충청남도 홍성군 홍성읍 조양로 190
1125,홍성주공점,충청남도,홍성군,충청남도 홍성군 홍성읍 문화로72번길 92
1126,홍은1점,서울특별시,서대문구,서울특별시 서대문구 홍은2동 9-56 1층
1127,홍은동점,서울특별시,서대문구,서울특별시 서대문구 홍은동 427-4
1128,홍익대점,서울특별시,마포구,"서울특별시 마포구 독막로22길 21(창전동, 1층)"
1129,홍익점,경기도,안성시,"경기도 안성시 금광면 종합운동장로 132, 홍익아파트상가 107"
1130,홍제동점,서울특별시,서대문구,서울특별시 서대문구 세무서2길 24. 1층(홍제동)
1131,화개점,경상남도,하동군,경상남도 하동군 화개면 탑리 663-13
1132,화곡1점,서울특별시,강서구,"서울특별시 강서구 월정로28길 24(화곡동, 1층)"
1133,화곡본동점,서울특별시,강서구,서울특별시 강서구 까치산로 22 (화곡동)
1134,화명점,부산광역시,북구,부산광역시 북구 화명동 1417-6
1135,화봉.연암점,울산광역시,북구,울산광역시 북구 송내1길 18(화봉동)
1136,화서점,경기도,수원시장안구,경기도 수원시장안구 화서동 71-27
1137,화성시청점,경기도,화성시,경기도 화성시 남양읍 역골로 3-20 
1138,화순점,전라남도,화순군,전라남도 화순군 화순읍 광덕로 142
1139,화양동점,서울특별시,광진구,"서울특별시 광진구 능동로13길 70(화양동, 1층)"
1140,화원점,대구광역시,달성군,"대구광역시 달성군 화원읍 화원로2길, 27"
1141,화정점,광주광역시,서구,광주광역시 서구 화정동 766-1
1142,환호점,경상북도,포항시북구,경상북도 포항시북구 삼호로 458
1143,황간점,충청북도,영동군,충청북도 영동군 황간면 남성리 558-1
1144,황성점,경상북도,경주시,경상북도 경주시 용담로92번길 43-4
1145,황제점,대구광역시,서구,대구광역시 서구 내당동 69-26
1146,회원교방점,경상남도,창원시마산회원구,경상남도 창원시마산회원구 회원남로 39-1
1147,횡성점,강원도,횡성군,강원도 횡성군 횡성읍 태기로 33
1148,횡성중앙점,강원도,횡성군,"강원도 횡성군 횡성읍 문정로19번길, 13-3"
1149,효가리점,강원도,동해시,"강원도 동해시 청운로 71(쇄운동, 104)"
1150,효돈점,제주특별자치도,서귀포시,제주특별자치도 서귀포시 하효동 142-1
1151,효성1점,인천광역시,계양구,인천광역시 계양구 효성2동 273-91 층
1152,효성2점,인천광역시,계양구,인천광역시 계양구 효성1동 31-4
1153,효성점,인천광역시,남동구,인천광역시 남동구 백범로247번길 93-26
1154,효자점(포항),경상북도,포항시남구,경상북도 포항시남구 효자동 119-1
1155,후곡점,경기도,고양시일산서구,경기도 고양시일산서구 강선로 142 태영상가 107
1156,후평2동점,강원도,춘천시,강원도 춘천시 백령로 225(후평동)
1157,후포점,경상북도,울진군,경상북도 울진군 후포면 후포리 623-130
1158,훼미리점,서울특별시,송파구,"서울특별시 송파구 중대로 24(문정동, 훼미리상가125호)"
1159,휴천점,경상북도,영주시,경상북도 영주시 휴천2동 303-21
1160,흑석동점,서울특별시,동작구,서울특별시 동작구 흑석동 96-3
1161,흥업점,강원도,원주시,강원도 원주시 흥업면 남원로 82
1162,흰돌점,경기도,고양시일산동구,경기도 고양시일산동구 일산로 11  
1163,CNTTEST,00,18,00 18 신사동 주소
